시도별,주요 업종별,2018,2018,2018,2018,2018,2018,2018,2018,2019,2019,2019,2019,2019,2019,2019,2019,2019,2020,2020,2020,2020,2020,2020,2020,2020,2020,2021,2021,2021,2021,2021,2021,2021,2021,2021,2022,2022,2022,2022,2022,2022,2022,2022,2022
시도별,주요 업종별,사업체수 (개),종사자수 (명),매출액 (백만원),영업비용 (백만원),인건비 (백만원),임차료 (백만원),기타영업비용 (백만원),연간급여액 (백만원),사업체수 (개),종사자수 (명),매출액 (백만원),영업비용 (백만원),매출원가 (백만원),인건비 (백만원),임차료 (백만원),기타영업비용 (백만원),연간급여액 (백만원),사업체수 (개),종사자수 (명),매출액 (백만원),영업비용 (백만원),매출원가 (백만원),인건비 (백만원),임차료 (백만원),기타영업비용 (백만원),연간급여액 (백만원),사업체수 (개),종사자수 (명),매출액 (백만원),영업비용 (백만원),매출원가 (백만원),인건비 (백만원),임차료 (백만원),기타영업비용 (백만원),연간급여액 (백만원),사업체수 (개),종사자수 (명),매출액 (백만원),영업비용 (백만원),매출원가 (백만원),인건비 (백만원),임차료 (백만원),기타영업비용 (백만원),연간급여액 (백만원)
전국,합계,210099,816420,68260005,62566404,8612562,4465373,49488469,7755010,215188,846832,74619821,67435511,42754731,9823262,5292027,9565491,9407908,234872,802418,74260003,69800682,42411125,9377651,4967342,13044565,8683903,260240,834174,84693392,79611240,46845292,10550282,5237958,16977708,10195143,286314,942705,100324303,93698219,54667689,12457925,6103987,20468617,11960644
전국,체인화 편의점,41359,179096,21095543,20320633,1566704,675532,18078397,1284025,41394,192616,23198015,21913130,16212496,1812332,850233,3038069,1724675,46364,190149,22878757,22760872,16304093,1783727,800510,3872542,1649292,49087,186728,24088991,24025834,16918596,1884998,763430,4458810,1812432,53827,200882,26868483,26685936,18898136,2128164,841397,4818240,2039946
전국,문구용품 및 회화용품 소매업,1688,4571,699391,637544,54532,40509,542503,47021,1675,4412,647894,586602,440114,51486,39743,55259,48937,1674,4378,679804,626573,464676,52853,38976,70069,48786,1719,4381,779598,716827,520715,59342,42730,94040,56576,2138,5048,890998,819933,597794,68353,46394,107393,64638
전국,의약품 및 의료용품 소매업,3632,12173,3796266,3441297,274600,106526,3060171,241826,3836,12862,3858214,3587716,2924038,278918,126832,257927,253049,4072,12873,4281044,3966659,3279884,278043,124210,284522,246605,4090,12249,4643869,4279572,3566576,282073,125080,305843,263859,4591,13933,5837681,5312427,4461085,338495,151850,360997,316082
전국,안경 및 렌즈 소매업,3184,9008,1060499,919014,159966,125649,633399,143917,3169,8985,1053773,916761,506180,166481,135285,108815,157839,3260,8566,1021605,921684,486481,160151,128394,146658,150175,3838,9172,1253502,1128937,595986,173563,141544,217844,162737,3911,9390,1376916,1241246,657424,194209,148522,241090,185420
전국,한식 음식점업,29209,123697,8712414,7871876,1488763,802476,5580637,1420532,30927,126022,9455563,8350619,4501625,1709599,915461,1223934,1670531,35349,113788,8939579,8402505,4202290,1549353,871349,1779513,1463048,40731,120111,11144107,10525554,5062531,1873459,961618,2627947,1832971,45465,144155,14551323,13392943,6403251,2220812,1020742,3748138,2147048
전국,외국식 음식점업,7561,41452,2745234,2432490,581388,253239,1597863,547246,7476,39233,2858719,2561725,1261096,633187,287686,379756,613378,8300,37068,2745232,2618759,1188721,607217,269436,553385,583754,11471,44582,3778673,3561786,1634988,741881,305390,879527,722812,14273,55616,5354864,4959331,2325568,960925,415238,1257599,927184
전국,제과점업,7354,34989,3072550,2872072,331599,224329,2316144,307658,7390,34267,2995384,2726827,1809109,379780,242403,295536,373488,7701,33604,3079086,2909984,1870420,366824,235087,437654,353750,8307,36782,3467022,3288632,1998218,415014,248886,626515,407237,9020,37316,3766975,3584777,2135621,453394,275494,720268,444173
전국,"피자, 햄버거, 샌드위치 및 유사 음식점업",11576,55678,3253841,2939843,536792,250032,2153019,502778,12468,60572,3786656,3338923,1836678,648058,302912,551275,629406,14072,55946,4087331,3732442,1999712,624665,287298,820766,590392,15665,57858,4563395,4180969,2124007,638493,311222,1107247,616155,17295,61829,5197742,4804853,2265166,732947,385673,1421067,700398
전국,치킨전문점,25110,65241,4246638,3639556,350804,279737,3009015,322452,25687,66854,5287802,4480120,2952381,456297,370187,701256,437682,27303,62502,5421419,4706701,2909274,409338,339180,1048910,369785,28627,61981,6650505,5920620,3508424,513967,350285,1547944,490454,29348,64195,7595676,6756032,4110216,551916,373172,1720727,515023
전국,"김밥, 기타 간이음식점 및 포장 판매점",13077,45900,2457266,2175705,385946,229809,1559950,357154,13371,46342,2812782,2423931,1313710,456158,285492,368571,444964,15812,45411,3038957,2699759,1466552,418146,262354,552708,382261,19066,51662,4309410,3837676,1975553,574530,306173,981420,558657,19900,55662,4930998,4389557,2230706,626524,345964,1186363,599331
전국,생맥주 및 기타 주점업,11676,33516,2028194,1767219,278088,218723,1270408,254197,9965,28272,1806288,1511087,810983,271067,210774,218263,265538,9937,25387,1527710,1351755,646836,235462,168986,300471,213804,9680,23325,1525239,1370132,637131,228988,171588,332424,219059,10719,29889,2419346,2118223,969187,360807,279967,508263,351319
전국,커피 및 기타 비알코올 음료점업,17615,76842,3408506,3020395,665763,461158,1893474,635836,18350,81303,3845082,3309404,1452367,781277,532074,543687,759005,21342,77589,3815097,3397214,1361889,760677,507931,766718,704151,24820,90909,4385300,3985574,1524878,905961,573312,981423,888467,29581,116831,5861312,5368114,2005724,1278230,769373,1314786,1245609
전국,자동차 전문 수리업,7038,26895,3168154,2837513,732335,103943,2001235,596179,7044,29349,3334833,3017493,1630213,778484,133224,475572,736872,5494,24758,2970136,2688754,1351733,710597,116975,509450,651612,5506,25110,3179132,2856915,1352699,811872,113518,578826,786835,5558,27072,3570850,3171072,1501383,904158,123834,641697,882710
전국,두발 미용업,3897,21176,980272,880825,249469,128533,502823,217521,3933,21339,1052276,915149,221953,318531,145498,229168,279658,4126,19790,1042899,921711,175472,293408,134711,318120,249494,4186,19448,1128923,1012193,176814,287959,142008,405412,257847,4596,21389,1320124,1156731,197712,340093,159476,459451,297215
전국,가정용 세탁업,4575,8490,442240,366253,59577,41332,265344,51098,4832,9113,517096,402211,154843,64773,57965,124630,57186,4720,7013,424164,365406,117011,50014,46436,151945,39099,4735,6558,369389,321945,74678,39803,37108,170356,30736,4757,6343,418186,350134,82941,31352,41589,194252,29061
전국,기타 프랜차이즈,21548,77696,7092997,6444169,896236,523846,5024087,825570,23671,85295,8109443,7393813,4726947,1016835,656258,993773,955699,25346,83596,8307183,7729903,4586080,1077177,635510,1431135,987895,28712,83318,9426337,8598074,5173498,1118379,644066,1662130,1088309,31335,93155,10362829,9586908,5825774,1267544,725304,1768287,1215486
서울특별시,합계,39658,177535,15099502,14044230,2083744,1343190,10617296,1903179,40615,180558,15500574,14227114,8401281,2362168,1526280,1937385,2252582,43207,169678,15543048,14584885,8231929,2181764,1426866,2744326,2063154,45664,166360,17221923,16269085,9078603,2356261,1420174,3414047,2281246,48628,180318,20112423,18853929,10378765,2729110,1565494,4180560,2629227
서울특별시,체인화 편의점,8102,39594,4655165,4519097,373310,196036,3949751,311093,7756,38372,4586809,4447588,3167903,393400,236924,649362,371494,8339,37870,4529143,4492911,3162613,392549,214376,723373,375779,8442,35733,4690674,4677964,3205427,404394,180139,888004,387644,8905,37093,5076281,4994870,3425364,455133,187432,926941,436862
서울특별시,문구용품 및 회화용품 소매업,359,1017,162145,144894,13808,14938,116148,11892,362,1000,132643,123303,85608,13828,12090,11777,13098,356,936,139197,131155,92955,12724,11629,13848,11621,359,881,147420,138686,94509,13618,13461,17098,13162,434,1006,176516,164632,112970,16225,14574,20864,15479
서울특별시,의약품 및 의료용품 소매업,1009,3093,946185,866123,63601,35897,766625,55044,1053,3095,902040,857364,695193,65018,44357,52796,57309,1112,3160,1038714,973961,797463,68656,39554,68290,57110,1114,3074,1181663,1096824,923078,63566,33063,77117,59012,1219,3321,1389873,1279393,1057943,86753,51119,83579,83088
서울특별시,안경 및 렌즈 소매업,612,1763,213345,188773,30757,32129,125887,28842,628,1773,194550,169844,89156,33056,32032,15600,32239,615,1605,189812,176027,94720,27786,30033,23489,25726,724,1668,241057,223014,122085,31337,33744,35848,29030,703,1688,269117,249058,136351,36901,36936,38870,35429
서울특별시,한식 음식점업,5658,26697,2067416,1903061,380436,245753,1276872,366920,5875,26194,2160016,1958290,992434,434938,268749,262170,421384,6476,23604,2028771,1911026,907094,379674,249448,374810,370200,7052,23420,2348375,2257301,1023687,442309,260793,530512,434153,7340,25848,2942767,2725289,1220061,501322,262007,741899,486796
서울특별시,외국식 음식점업,1824,10016,717691,637652,153807,85654,398191,147455,1806,9494,718347,648788,299478,168058,92447,88805,161764,1910,8756,673144,648076,274016,152133,87898,134029,148552,2442,10119,904549,856856,369632,197605,94072,195547,193294,2853,12128,1279733,1191658,539589,232207,115951,303911,224447
서울특별시,제과점업,1511,8283,702709,664975,81928,70127,512920,76340,1451,7347,613294,556336,329603,89743,72741,64248,89294,1500,7250,638690,607897,374209,78802,66184,88703,77025,1555,7664,694272,664987,390249,93476,66163,115099,91886,1632,7797,806046,774905,442847,112100,78330,141629,110508
서울특별시,"피자, 햄버거, 샌드위치 및 유사 음식점업",1915,10099,610047,557250,110019,58369,388862,104684,2314,12217,818662,731932,397043,159863,76692,98334,153815,2541,11379,895666,813601,414130,143153,81125,175194,139522,2700,11348,923119,862678,427907,140819,87074,206879,135850,2919,11947,1045695,988585,430923,162416,87509,307737,157387
서울특별시,치킨전문점,3690,11373,836252,736870,95466,77743,563661,88783,3761,11913,1062086,943774,597262,125632,103048,117833,116151,3975,11060,1078840,930803,526005,112669,93500,198628,106614,4051,10354,1273012,1125369,629351,115221,97302,283495,110319,4029,10098,1442291,1297955,744723,123271,86544,343417,116625
서울특별시,"김밥, 기타 간이음식점 및 포장 판매점",2444,9849,594322,536905,108576,67913,360416,96269,2533,9820,647422,568869,278470,120851,80079,89469,117634,2984,9484,721463,643186,315599,108099,72399,147089,101646,3264,10146,971544,844092,410998,158052,78675,196367,155342,3256,10286,1061880,950257,454204,149972,86740,259341,144385
서울특별시,생맥주 및 기타 주점업,1869,6659,462573,413965,73132,61493,279340,68452,1557,5540,386392,336047,166489,72360,55289,41908,71242,1486,4703,309715,274050,121592,53383,44446,54629,49820,1386,4081,289197,262467,111519,52406,44541,54001,51577,1500,4957,485509,422952,181479,78235,63372,99866,76427
서울특별시,커피 및 기타 비알코올 음료점업,4064,20405,946136,852711,198962,159045,494704,192059,4190,20921,1017871,893251,381566,213076,169711,128898,209055,4526,18853,940329,860228,315110,195618,163770,185730,184124,4772,19331,970482,887216,322478,197451,168103,199183,195022,5431,23750,1269080,1178799,414390,279005,202886,282518,273334
서울특별시,자동차 전문 수리업,852,3371,448290,406251,102100,29893,274258,83196,828,3549,418409,370666,192236,100511,34610,43308,95620,687,3087,395822,364836,171881,96042,32538,64374,87837,672,2926,401925,364451,158094,109242,30256,66860,107293,676,3037,440128,397250,189781,106802,30701,69967,103939
서울특별시,두발 미용업,1219,7850,395110,359587,96270,56210,207107,85546,1233,7806,393117,340409,76617,133138,59846,70808,117159,1310,7530,437064,374034,56271,122153,62102,133509,111686,1327,7587,470896,428837,74851,126266,64134,163587,112327,1397,8002,544391,475728,82855,132088,63814,196971,116762
서울특별시,가정용 세탁업,919,1756,97268,80426,14560,9718,56148,12445,960,1812,109133,85250,31940,12958,13416,26937,11662,941,1511,93778,84508,19056,12814,11840,40798,10218,984,1388,79773,71124,14279,7061,8069,41715,5099,954,1167,87221,76452,13430,4088,8731,50203,3711
서울특별시,기타 프랜차이즈,3611,15710,1244848,1175690,187012,142272,846406,174159,4308,19705,1339784,1195404,620284,225739,174248,175133,213662,4449,18890,1432900,1298585,589215,225509,166026,317834,205674,4820,16640,1633965,1507219,800458,203440,160584,342736,200235,5380,18193,1795895,1686144,931854,252592,188850,312848,244047
부산광역시,합계,13257,53075,4102766,3753751,533659,280314,2939778,474214,13558,53029,4251202,3827297,2381453,597126,316818,531901,573496,14752,50058,4250127,4039091,2428934,549232,299504,761421,511883,16560,53141,4966923,4695282,2688705,644066,324243,1038268,623764,18245,61417,5976523,5574541,3214598,774321,371626,1213996,746648
부산광역시,체인화 편의점,2367,10594,1268086,1217224,94274,41438,1081512,73907,2324,10380,1212434,1122375,831291,99031,48732,143322,96453,2588,10244,1195787,1189202,840565,93256,50486,204896,87019,2715,10324,1284369,1280120,902153,108447,45142,224378,105131,2960,11580,1454755,1450349,1024679,121068,46776,257826,116950
부산광역시,문구용품 및 회화용품 소매업,72,197,29593,27643,2425,1570,23648,2185,80,208,29553,26401,19930,2413,1609,2448,2259,81,213,31557,29366,21497,2879,1759,3230,2740,82,217,40623,37685,27441,2724,2646,4874,2639,124,270,46990,43098,32227,3499,2385,4987,3362
부산광역시,의약품 및 의료용품 소매업,177,648,210012,191980,15952,4674,171354,13843,205,724,249761,239575,202409,17947,4939,14280,14734,214,730,283097,263405,222222,18597,6560,16026,16199,214,712,306816,287070,243529,20950,7185,15406,20031,282,920,409529,380216,327250,21509,8885,22573,20037
부산광역시,안경 및 렌즈 소매업,214,674,80157,70577,12954,10241,47382,11586,208,662,75888,67760,36354,13591,10430,7384,12534,223,621,73603,66421,36785,11326,8732,9578,11111,254,657,91389,82344,42215,13031,10568,16530,12356,273,670,100633,90785,50596,13296,9789,17104,12538
부산광역시,한식 음식점업,1861,8508,553567,501004,97020,49524,354460,91638,1957,8515,564575,493432,267431,99563,54348,72090,97613,2273,7516,535286,515090,272297,91281,51470,100041,87518,2645,8163,689457,660312,302673,118876,67655,171108,117238,2829,9762,892763,816394,396392,145427,60799,213776,141524
부산광역시,외국식 음식점업,557,2997,184698,162998,39315,17342,106341,37239,522,2727,190278,170303,87053,43802,18061,21388,42542,549,2475,174498,167803,77375,39238,14845,36345,37127,747,2956,238958,225531,99013,46347,18686,61485,44797,888,3600,325704,300750,141768,58602,24033,76347,56677
부산광역시,제과점업,446,2234,170045,159878,20895,13425,125558,19383,435,2141,152539,135906,87994,20883,14436,12592,20676,442,2035,155261,150361,94500,21415,13405,21042,20894,439,2056,164741,158050,91895,24127,11524,30504,23734,461,2154,190764,184396,111314,23291,14273,35518,22583
부산광역시,"피자, 햄버거, 샌드위치 및 유사 음식점업",731,3846,210747,191516,36926,16019,138571,34519,746,4052,220692,199940,104973,39285,17261,38420,37757,861,3807,250757,234997,125008,39387,15536,55066,37875,982,3696,271047,248928,125629,35593,18173,69533,34520,1060,3898,297657,277390,129944,42779,22434,82232,41694
부산광역시,치킨전문점,1791,4476,268696,230675,19322,16146,195207,18384,1891,4665,325048,267455,173449,24019,22530,47457,23333,1963,4378,342564,299337,180111,22345,18242,78638,20170,2055,4315,439641,399592,230032,31017,19442,119101,29242,2030,4304,472912,415524,246951,34415,24732,109426,32408
부산광역시,"김밥, 기타 간이음식점 및 포장 판매점",794,2889,140136,124742,21599,13707,89436,20408,812,2758,156776,133123,71515,26062,18616,16931,25114,1000,2885,174946,157036,87672,24087,14095,31182,21779,1208,3363,249126,231487,116769,33457,17452,63808,32642,1250,3627,294272,262726,131388,40175,21680,69482,38108
부산광역시,생맥주 및 기타 주점업,626,2003,121828,110893,21253,13108,76532,15938,553,1641,103129,85561,45864,15113,11411,13173,14615,529,1400,81785,72163,33473,13327,9330,16033,12040,541,1423,90179,80995,35982,15433,10285,19295,15321,636,1968,148938,130492,58143,26082,17404,28863,25484
부산광역시,커피 및 기타 비알코올 음료점업,1265,5828,252893,224743,49681,34413,140649,47572,1392,6313,278103,242904,104794,63017,37626,37467,59698,1626,6202,272580,243223,94790,58585,39188,50659,56996,2051,7527,319567,295313,108519,79490,42209,65095,78155,2517,9721,437515,402783,144686,99826,61588,96682,98019
부산광역시,자동차 전문 수리업,371,1452,167714,148610,37446,5255,105909,30737,378,1495,164931,142280,72749,38009,8385,23137,36618,332,1273,157396,141926,73065,34207,5247,29408,30993,334,1351,173020,154368,72128,39649,5372,37220,37400,330,1559,196846,174666,87530,47803,5875,33459,46198
부산광역시,두발 미용업,216,1349,56595,50480,15826,6941,27713,13151,224,1340,63328,54347,12303,14025,9142,18876,12766,224,1176,57102,55787,13911,17518,6825,17533,13976,227,1075,54539,49611,8264,14398,6770,20180,13036,259,1309,68961,61246,9809,19939,8384,23113,17559
부산광역시,가정용 세탁업,340,685,35424,29465,4839,2719,21907,4154,362,719,44182,35433,12578,5433,4428,12993,4723,355,524,33786,30194,13131,2477,2781,11805,2173,351,517,28515,24679,8061,2102,2442,12073,1682,361,521,31467,26447,8850,3912,3284,10401,3820
부산광역시,기타 프랜차이즈,1429,4695,352575,311323,43932,33792,233599,39570,1469,4688,419986,410502,250766,74930,34863,49943,72061,1492,4579,430122,422779,242532,59306,41003,79939,53274,1715,4789,524936,479198,274404,58425,38691,107678,55840,1985,5554,606817,557280,313071,72698,39305,132206,69688
대구광역시,합계,9311,34803,2648614,2392253,338592,174691,1878970,309916,9456,34440,2783647,2455017,1539917,369659,201976,343465,357339,10290,32442,2783755,2607215,1574586,336091,172193,524346,309994,11396,34327,3315732,3115133,1789227,412377,201414,712115,400763,12632,39845,4030072,3737929,2205916,478351,244577,809084,458259
대구광역시,체인화 편의점,1436,6028,662803,639139,44148,20563,574428,38527,1450,6000,685132,647654,481947,46081,29312,90314,44960,1734,5897,676408,682139,491426,42843,17608,130262,38629,1856,6359,784970,786950,538518,71077,23941,153414,70030,2083,7352,918800,924789,653717,67570,30521,172981,64650
대구광역시,문구용품 및 회화용품 소매업,27,68,10504,9367,738,488,8141,638,28,66,11422,10887,8585,846,575,881,789,31,67,12049,11335,8743,752,547,1293,684,30,62,15016,13694,9773,1238,788,1894,1221,40,71,16330,14528,10761,1024,665,2078,991
대구광역시,의약품 및 의료용품 소매업,172,518,152888,136897,9773,3983,123141,8683,179,568,139286,131158,105023,11177,5850,9108,10113,183,538,154589,141894,118171,8280,4359,11084,7383,181,502,178549,164084,140311,9808,3304,10661,9188,205,552,245648,224672,193093,10818,4781,15980,9743
대구광역시,안경 및 렌즈 소매업,163,481,54596,47150,8799,6760,31591,7761,153,469,55120,47309,28638,8213,5865,4593,7822,151,432,49369,44965,25736,6969,5633,6627,6862,195,504,63217,58276,32151,8539,6886,10701,8086,199,501,68706,61716,33986,9880,7920,9931,9421
대구광역시,한식 음식점업,1360,5834,393375,352184,68277,35304,248603,65182,1431,5765,411673,356003,187731,75330,39849,53091,73944,1658,5243,387317,369083,179010,70114,34538,85421,64564,1851,5578,522436,489189,224230,88331,40110,136518,86198,2065,6773,689959,629956,306186,101429,45206,177135,97336
대구광역시,외국식 음식점업,353,1924,111536,98476,24461,9729,64286,22718,319,1600,106188,93168,45707,25070,9575,12816,24312,314,1367,95627,91376,41876,20003,7844,21654,18889,393,1415,112206,103987,44854,18761,8016,32356,18218,514,1911,165516,144826,69727,27074,10794,37231,25856
대구광역시,제과점업,362,1683,129638,120655,14502,9265,96888,13589,350,1589,121704,104103,62032,19880,9835,12357,19609,358,1513,125300,117117,76772,13304,8472,18569,12751,373,1521,140300,131544,78448,15169,10683,27245,14905,412,1607,157080,145696,89263,14619,10144,31670,14461
대구광역시,"피자, 햄버거, 샌드위치 및 유사 음식점업",498,2738,149804,136971,26741,9365,100865,24683,512,2830,165214,146247,80835,30138,11323,23951,28995,588,2613,181507,170867,89045,29233,13049,39540,28388,690,2700,195148,178160,87260,26068,13326,51506,24816,769,2947,223132,205836,92774,35060,17768,60233,33564
대구광역시,치킨전문점,1239,2936,175798,146191,11044,10290,124857,10187,1279,2838,217461,178672,119353,10458,12758,36104,10171,1288,2617,222989,193642,112713,14853,11215,54862,12925,1261,2431,269597,245904,148794,17226,11172,68712,16151,1270,2597,312701,275394,174743,17533,13909,69210,15862
대구광역시,"김밥, 기타 간이음식점 및 포장 판매점",731,2362,111019,96721,16446,10741,69534,15500,749,2462,144169,117923,67267,19517,13612,17528,19233,832,2285,141528,125704,69719,18688,12419,24878,16472,1004,2586,190476,179648,93039,20006,13876,52726,19278,1086,3003,225887,199746,103379,28404,16187,51776,27357
대구광역시,생맥주 및 기타 주점업,455,1254,74852,63365,9590,7574,46201,8939,408,1037,61072,47439,26413,8439,7365,5221,7942,407,945,52671,46461,22791,7648,4933,11090,7266,402,955,58873,51510,25901,7425,5291,12893,7074,414,1174,91587,79853,39081,12293,9783,18696,11822
대구광역시,커피 및 기타 비알코올 음료점업,779,3672,176880,148503,34325,20655,93523,32551,833,3949,209488,177410,83452,43385,21849,28723,41511,1001,3979,211897,181798,73950,41844,24409,41595,39703,1219,4622,229433,209259,80524,50250,25778,52708,49094,1455,5604,277213,257788,98124,62140,37257,60268,60039
대구광역시,자동차 전문 수리업,386,1309,147161,129359,32200,4275,92884,25915,380,1374,153063,134872,79310,30859,6944,17758,29365,284,1156,132685,115371,63970,28061,3191,20150,25877,289,1085,135571,120530,59797,32900,4328,23506,31598,290,1179,154230,133926,69618,34784,4494,25029,33782
대구광역시,두발 미용업,104,350,12659,10775,3459,1755,5561,2943,75,259,10710,9027,2032,2588,1729,2678,2469,97,325,10898,11198,3039,3986,1961,2212,3802,111,355,13267,11469,1526,4845,1425,3674,4725,125,400,16756,14121,2492,4296,2185,5148,3700
대구광역시,가정용 세탁업,189,343,16162,13068,2443,1681,8944,2259,202,396,22664,17645,8527,2950,2179,3988,2754,205,296,17027,13669,3440,1832,1424,6973,1778,197,277,13427,11538,1776,1532,1115,7116,1344,205,285,17391,14664,1375,1694,2116,9479,1638
대구광역시,기타 프랜차이즈,1057,3303,268939,243432,31646,22263,189523,29841,1108,3239,269280,235501,153064,34726,23356,24354,33351,1159,3169,311894,290594,194185,27682,20590,48137,24019,1344,3375,393246,359391,222326,39203,31376,66486,38836,1500,3889,449136,410419,267598,49735,30848,62238,48038
인천광역시,합계,11295,46066,3968748,3593605,514239,256633,2822733,466808,11482,49113,4422617,3982678,2601885,592419,301876,486498,563718,12887,46630,4346494,4108271,2525802,551407,277602,753460,505475,14726,49383,5001416,4733396,2774335,648165,302767,1008128,626089,16508,57650,5973721,5617696,3169426,772832,373944,1301493,736952
인천광역시,체인화 편의점,2189,9971,1238715,1177055,89527,39080,1048448,74567,2206,11122,1319166,1224684,958182,94636,49189,122677,91235,2501,10831,1299442,1299896,938607,102197,42466,216626,95894,2712,10879,1420403,1410849,1012805,115616,43017,239411,111609,3008,12442,1591958,1582145,1121475,131213,60046,269411,125251
인천광역시,문구용품 및 회화용품 소매업,79,234,32407,28782,2763,1708,24311,2572,77,226,28475,26164,19181,2662,1785,2536,2500,75,220,27913,25443,18769,2083,1329,3262,1861,81,234,34089,31199,22045,3303,1485,4366,3202,114,268,38694,35864,24969,3429,1766,5700,3243
인천광역시,의약품 및 의료용품 소매업,190,685,243297,221883,17573,6306,198004,15303,197,867,315588,295917,248969,22065,9105,15777,20424,202,812,318193,296687,248088,18500,10309,19790,17618,207,766,303849,281856,239667,17109,7681,17399,16358,234,823,332153,308023,261014,20217,8039,18754,18853
인천광역시,안경 및 렌즈 소매업,158,469,54488,46657,8864,7269,30524,8172,165,482,62758,54008,30909,9304,8611,5184,8985,147,436,49179,44924,22352,8668,6979,6925,8107,189,493,64876,59928,30629,9578,8131,11589,9177,206,502,74905,67779,35451,10090,7951,14286,9477
인천광역시,한식 음식점업,1722,7296,530736,467502,93763,49635,324104,89713,1753,7387,561786,492288,278155,111956,49874,52302,108685,2085,6680,530461,500661,263378,93218,46517,97548,81630,2489,7147,681948,646201,295314,122443,64887,163558,119168,2724,8617,895247,830168,385890,131636,60369,252274,126247
인천광역시,외국식 음식점업,385,2353,158987,139910,35298,12819,91793,32639,393,2199,167856,153081,72571,39240,16151,25118,38023,466,2171,161867,155566,68205,38943,15283,33134,37880,682,2614,222954,208559,91940,46636,17948,52035,45731,868,3401,325351,304448,139242,56158,28165,80883,53397
인천광역시,제과점업,397,1924,175962,161354,18855,12729,129770,17784,380,2064,162160,144672,86952,24148,14117,19454,23900,417,2090,177472,169884,107942,22436,12407,27099,22244,481,2213,201568,190275,112097,24825,13557,39795,24482,530,2250,223665,209331,124237,22070,16965,46058,21256
인천광역시,"피자, 햄버거, 샌드위치 및 유사 음식점업",657,3334,199592,173184,33438,15691,124055,31517,682,3509,221749,205670,111234,35986,16429,42020,35168,754,3154,235596,216811,114729,37095,15877,49110,33339,866,3327,274391,250290,127891,35987,16182,70230,34809,973,3654,314684,290360,137006,37611,25201,90543,35596
인천광역시,치킨전문점,1289,3415,240395,205901,20574,16340,168987,18613,1321,3545,318149,269411,179316,26060,19611,44424,25462,1460,3315,335951,292723,178307,26159,24051,64206,24163,1544,3452,397871,364292,209037,28953,17786,108516,27565,1559,3569,440297,400600,235212,35659,22376,107353,33809
인천광역시,"김밥, 기타 간이음식점 및 포장 판매점",685,2438,133046,116259,20616,12651,82992,19896,686,2808,151013,132839,74924,24466,14632,18817,24222,860,2607,157220,139996,73928,22728,14060,29280,21711,1036,2849,240546,220915,104336,35622,16389,64569,34888,1083,3165,276903,248907,122669,36578,18953,70708,35638
인천광역시,생맥주 및 기타 주점업,615,2074,140277,119981,21055,14915,84011,19538,545,1733,131240,112190,60043,20025,14574,17549,19551,603,1689,123658,110441,53044,17941,13865,25590,15587,603,1610,119566,110902,48512,21034,15259,26096,20249,673,2159,176177,155245,69220,25201,21707,39117,24483
인천광역시,커피 및 기타 비알코올 음료점업,986,4277,182359,156457,35555,23557,97345,34334,1049,4890,216530,183969,81548,45247,28839,28335,44657,1260,4714,217988,193799,76118,42265,27469,47947,36776,1568,5959,271832,253686,90869,57469,37809,67539,56601,1985,8128,385600,362492,125267,87423,51987,97815,85694
인천광역시,자동차 전문 수리업,295,1334,155085,138895,40061,6137,92697,32798,292,1440,163457,150115,82279,42074,6323,19438,40380,269,1391,165770,151660,76755,38934,7163,28808,36192,277,1384,174039,154541,74612,46318,6100,27510,44556,282,1524,198798,178209,76013,60963,7106,34127,59423
인천광역시,두발 미용업,263,1441,64868,57259,16864,6887,33508,14017,275,1360,64865,57242,14719,21906,7875,12743,18907,282,1330,66215,62901,13448,18862,8085,22506,15930,281,1283,72966,64461,11302,16471,7574,29114,14507,313,1545,89074,81268,12065,27807,9864,31532,23929
인천광역시,가정용 세탁업,217,362,19300,16105,1774,2114,12217,1542,220,372,19132,13745,4650,2139,1984,4973,1745,211,286,17531,16606,8778,1421,1277,5129,929,223,289,15178,13437,2014,1488,1568,8367,1272,240,300,19360,15882,2714,1325,1896,9947,1172
인천광역시,기타 프랜차이즈,1168,4459,399234,366421,57659,28795,279967,53803,1241,5108,518692,466685,298253,70505,42775,55151,59871,1295,4904,462038,430273,263354,59958,30463,76498,55613,1487,4884,505340,472007,301264,65314,27395,78034,61918,1716,5303,590855,546975,296983,85453,31553,132986,79484
광주광역시,합계,6183,23296,1889856,1765739,227505,104821,1433413,208670,6234,24373,2138285,1903247,1265776,271203,143440,222828,263744,6968,23233,2123609,1996808,1234876,257242,128955,375736,239886,7609,23485,2313368,2178676,1289144,285476,119900,484156,277993,8370,27198,2796227,2609369,1538327,339427,162187,569428,326791
광주광역시,체인화 편의점,1048,4503,475498,463004,35564,12551,414889,30557,1039,4645,537915,505728,369784,39456,21507,74980,38261,1125,4591,527655,526297,372732,42925,18725,91915,39556,1197,4442,535626,535091,371907,42204,14202,106778,40544,1340,4653,614743,606553,421100,47809,20505,117138,45900
광주광역시,문구용품 및 회화용품 소매업,42,128,16660,15621,1287,1158,13176,1206,45,126,16454,14967,10655,1549,1651,1113,1493,43,129,17602,16425,12204,1102,1195,1924,980,43,133,21474,19466,14330,1852,1122,2162,1650,46,141,24364,21862,15455,1986,1753,2667,1931
광주광역시,의약품 및 의료용품 소매업,120,351,107229,95500,7792,2792,84916,6769,128,412,115159,102785,84575,7529,3971,6710,7286,134,408,126434,115508,95831,8555,2811,8311,8044,133,403,131388,120067,97769,9669,3312,9317,9236,145,448,175242,153370,126004,11020,4214,12132,10201
광주광역시,안경 및 렌즈 소매업,126,331,32779,28803,4104,4147,20552,3698,132,357,36788,30724,17661,5408,4880,2774,5212,141,311,33626,31184,17181,4361,4370,5272,3896,149,309,38639,35209,18517,3989,4459,8245,3835,149,326,40795,37794,19962,5246,4815,7770,5034
광주광역시,한식 음식점업,711,3056,210932,193720,33740,16773,143207,32374,752,3102,237828,201229,119866,37057,21534,22772,36406,904,2900,223436,214311,116947,37251,16959,43154,34710,1036,3029,280051,265566,142367,41602,16872,64724,40827,1198,3819,390213,363249,187487,57396,23707,94660,55513
광주광역시,외국식 음식점업,197,1059,64574,58827,12627,4484,41716,11913,205,1085,81445,72487,39138,15933,6203,11213,15342,228,1033,87273,81475,44449,15859,6797,14370,15403,331,1358,119748,113225,54950,22677,6547,29052,21972,423,1859,188458,177845,87090,30581,11041,49132,29132
광주광역시,제과점업,190,870,78518,72419,7481,5014,59924,7144,182,814,74264,66702,47516,7601,5646,5939,7504,189,789,77976,73840,50953,7512,6117,9259,7415,209,856,84728,80269,49509,9691,6098,14971,9512,250,916,94627,89695,55504,10515,6315,17361,10318
광주광역시,"피자, 햄버거, 샌드위치 및 유사 음식점업",376,1722,101832,93768,16077,7276,70415,14859,375,1786,109400,95913,53629,18105,9190,14988,17349,434,1736,122116,113159,63493,16307,7897,25463,15179,487,1775,142562,130737,69107,16721,6994,37915,15908,558,2069,167975,153660,77013,21670,12740,42238,20888
광주광역시,치킨전문점,685,1846,123049,110884,10565,5531,94788,9763,696,2014,159369,135275,97821,14580,9853,13020,14564,787,1891,167575,148657,95910,11690,5699,35358,11070,815,1841,195049,180879,103968,18115,6109,52687,17624,798,1779,212130,192917,121141,18166,9973,43637,17497
광주광역시,"김밥, 기타 간이음식점 및 포장 판매점",440,1532,74461,67474,12166,5114,50194,11065,391,1430,80434,69071,40345,13662,6789,8275,13551,487,1417,91222,79531,43874,12174,5432,18051,11068,549,1487,119919,110793,58856,13249,5432,33255,13042,574,1606,136222,122532,65629,16446,7287,33170,15880
광주광역시,생맥주 및 기타 주점업,569,1326,79258,70260,8925,6708,54627,8529,408,1007,65033,53118,29912,8620,7913,6672,8437,394,857,53345,48264,26157,7002,4314,10791,6148,374,780,52286,47250,23962,6872,4816,11601,6534,405,979,74735,67219,33377,9455,8387,16001,9214
광주광역시,커피 및 기타 비알코올 음료점업,554,2605,99695,90156,19293,13159,57704,18506,605,3097,135193,111683,50373,30994,17909,12407,30680,706,2841,128277,114556,45623,26192,16334,26407,24816,802,3089,136030,126556,45020,32835,17955,30746,31161,985,4461,191355,176265,70423,41841,21711,42290,40896
광주광역시,자동차 전문 수리업,175,648,79170,71085,16688,1179,53218,14220,172,712,81173,72453,44874,17316,2332,7931,16656,173,716,86639,80149,45287,19143,2311,13408,17965,179,675,85654,77473,44511,17343,1404,14216,15647,176,727,89184,80626,43100,18894,2485,16147,18443
광주광역시,두발 미용업,122,555,24551,21863,7852,3029,10982,7093,158,676,30983,24978,7060,10166,3800,3952,9640,164,529,24596,21903,5352,6988,2927,6637,6588,154,455,24058,22218,3198,6838,3014,9170,6716,150,405,22291,19418,2051,6215,3182,7971,5424
광주광역시,가정용 세탁업,110,191,9687,8417,1027,886,6504,886,128,269,13979,10981,3938,1918,1755,3371,1713,137,200,11436,9100,1232,883,1277,5709,843,135,176,9189,8369,1260,549,1102,5458,453,141,186,12209,9198,1815,1015,908,5460,997
광주광역시,기타 프랜차이즈,718,2573,311963,303938,32317,15020,256601,30088,818,2839,362868,335153,248629,41308,18505,26712,39649,922,2885,344401,322448,197651,39299,25791,59707,36206,1016,2677,336967,305508,189914,41270,20464,53859,43333,1032,2824,361684,337164,211176,41171,23163,61654,39523
대전광역시,합계,6552,25140,1941801,1786941,244321,117128,1425492,216598,6415,25190,2049096,1861002,1186503,261185,132594,280721,246972,6940,23644,2017384,1908738,1182295,264254,110811,351378,239760,7602,24329,2319806,2181359,1291438,274595,125316,490009,265483,8278,27806,2816783,2616151,1536431,354146,159467,566106,339851
대전광역시,체인화 편의점,1100,4952,530978,512125,40690,16799,454636,33105,1100,5195,603502,581434,427828,43606,18384,91616,40503,1266,5088,595144,599037,421402,53430,14140,110065,46673,1334,5082,608882,611794,431999,48974,15422,115399,47560,1473,5843,680567,681756,483490,61976,19168,117123,59801
대전광역시,문구용품 및 회화용품 소매업,28,85,14355,13008,1175,554,11279,1033,30,92,14950,13385,10171,1051,1049,1113,929,29,85,14115,12859,9688,1050,641,1479,834,34,97,21732,20201,15141,1959,837,2264,1912,50,120,25191,23480,17409,2159,956,2955,2010
대전광역시,의약품 및 의료용품 소매업,93,355,124517,113775,8550,2736,102489,7322,99,343,89218,81916,63426,8786,2890,6814,7027,101,335,97044,88732,73547,6850,2904,5430,6410,99,296,101895,92904,75923,6566,3008,7407,6138,107,368,132064,120076,101164,7612,2668,8632,7148
대전광역시,안경 및 렌즈 소매업,118,311,36455,32432,5755,3740,22937,5331,107,290,37622,31907,18812,5128,3622,4345,4754,110,296,34308,30798,17037,5000,3380,5381,4768,114,281,36839,32673,16124,5312,4338,6898,5071,119,297,38975,35301,18125,5728,3966,7482,5542
대전광역시,한식 음식점업,988,4167,260931,235629,45069,21907,168653,42571,931,3661,228083,193130,103734,43194,22139,24063,42621,1051,3392,213996,202856,108181,39358,16068,39248,36948,1187,3656,301246,279437,134927,49750,23542,71218,48557,1310,4440,437234,402580,194310,70729,28072,109470,67647
대전광역시,외국식 음식점업,204,1141,78680,71101,16359,6052,48690,15156,199,1022,79194,72814,39628,15577,6297,11312,14672,223,1007,73543,69722,33472,15286,5285,15679,14936,331,1378,115440,106592,51072,21823,7298,26399,21181,449,1734,166606,151702,72941,28150,12283,38329,27118
대전광역시,제과점업,229,1087,85260,79415,8710,5724,64981,8208,238,1115,74361,67849,42409,11019,6698,7722,10546,253,1115,79577,75369,48652,10350,6643,9724,9851,262,1130,90080,85483,51870,9558,6870,17185,9302,282,1129,102701,97159,58827,10539,6987,20806,10288
대전광역시,"피자, 햄버거, 샌드위치 및 유사 음식점업",440,2350,119571,111159,20965,8794,81400,19029,449,2339,139548,120905,69130,22969,9918,18888,22417,486,2112,146254,134046,70319,24841,9050,29835,22267,495,1933,150608,138450,66434,21139,8187,42689,20609,541,2080,169902,155858,73796,24303,13699,44059,23302
대전광역시,치킨전문점,854,2144,130713,111641,9900,7699,94042,8520,786,2164,148394,126030,86199,11379,8526,19925,11245,842,2061,150313,132567,87031,12319,7732,25484,10795,880,1935,198693,181052,105571,14062,8991,52429,13317,921,2057,237485,211002,135852,15660,10480,49010,14589
대전광역시,"김밥, 기타 간이음식점 및 포장 판매점",416,1377,76242,68057,10630,6307,51120,9637,413,1349,76924,66685,36287,12023,8921,9454,11732,493,1410,90706,80320,43789,13185,7072,16274,12567,599,1576,129935,118795,60017,17094,9217,32469,16531,636,1706,152895,132872,70236,18100,9042,35495,17354
대전광역시,생맥주 및 기타 주점업,387,1144,66716,58017,8263,5810,43944,7331,330,954,59014,50578,28188,8387,5991,8013,8073,336,861,50130,44636,21572,7506,4777,10781,7095,323,804,51398,44193,20573,6925,4531,12164,6534,348,1033,84584,72806,34823,10647,8764,18572,10287
대전광역시,커피 및 기타 비알코올 음료점업,523,2220,97627,88794,18615,12391,57788,17483,534,2335,108773,95007,44578,21199,14917,14314,20849,552,2103,99630,88424,34650,20799,11574,21401,17657,639,2572,117640,108659,40594,24154,13200,30711,23495,767,3376,169004,151348,55923,37734,20887,36804,36477
대전광역시,자동차 전문 수리업,234,715,87597,78416,17228,1932,59256,13369,239,762,92979,85374,49975,17617,3658,14123,16395,173,565,68600,60102,32458,14407,1378,11859,13328,170,630,85826,76185,41932,19162,1705,13385,18834,169,671,91170,80223,40068,22965,1719,15472,22519
대전광역시,두발 미용업,113,425,17020,14690,4400,2127,8163,3712,125,448,18857,15712,3815,5961,2700,3237,5089,136,473,21787,22376,7623,5894,2822,6038,4951,128,382,22600,19972,4055,3061,2350,10506,2681,125,379,20952,18089,2977,5663,2663,6787,4791
대전광역시,가정용 세탁업,126,250,13352,11134,1690,1033,8411,1262,139,288,16920,13733,2707,2619,2008,6398,2321,99,163,10203,9519,1979,929,984,5627,836,114,170,9661,8295,1962,525,877,4931,333,106,154,11047,10351,1814,734,1278,6524,694
대전광역시,기타 프랜차이즈,699,2417,201787,187548,26322,13523,147703,23529,696,2835,260757,244543,159614,30670,14875,39383,27800,790,2578,272034,257376,170893,33050,16360,37074,29844,893,2407,277331,256674,173244,24531,14942,43958,23429,875,2419,296406,271547,174676,31448,16836,48586,30284
울산광역시,합계,5165,17914,1467771,1307643,176059,80786,1050798,159554,5258,17894,1626696,1461597,970532,193541,101415,196108,183249,5538,16750,1551334,1446968,885918,189230,86870,284950,171239,6163,17630,1749916,1633750,968838,208451,88978,367483,202705,6662,19501,2044840,1907597,1139785,230312,108234,429266,219002
울산광역시,체인화 편의점,883,3713,425055,411363,29549,12035,369779,24730,867,3784,467427,442725,343713,36628,16876,45509,34557,983,3711,458393,457808,332457,37027,8394,79930,31445,1019,3593,461780,459414,329351,35966,13369,80727,34862,1124,3910,516459,527913,376237,37877,15383,98417,35675
울산광역시,문구용품 및 회화용품 소매업,27,73,9568,9033,734,511,7788,618,22,48,5931,5162,4425,228,279,230,213,21,51,6174,5740,4222,658,322,537,636,22,54,8912,8393,6438,601,354,1000,578,31,72,13624,12778,10082,557,614,1524,524
울산광역시,의약품 및 의료용품 소매업,59,196,57902,51668,5092,1504,45072,4861,71,245,79837,72998,60371,5632,2845,4149,5392,74,237,81030,72929,58187,5876,2050,6816,5757,77,246,84816,76488,61799,5878,2036,6776,5456,101,317,117132,104189,85510,7348,2635,8696,6707
울산광역시,안경 및 렌즈 소매업,66,179,19187,16805,3168,1823,11814,2497,59,142,18223,15337,8629,2705,1644,2359,2489,56,165,18784,16776,8605,3373,2073,2725,3333,72,185,22905,20380,10596,3705,1847,4231,3568,74,195,24993,21890,12287,3243,2466,3894,3026
울산광역시,한식 음식점업,644,2618,179420,161257,30364,14069,116824,28979,759,2685,193899,171185,93283,32167,18514,27222,30496,854,2452,182192,170970,89114,28318,13906,39632,24194,968,2690,242629,226010,113267,37229,16942,58573,36525,1083,3340,320922,295075,157667,42452,17653,77303,40846
울산광역시,외국식 음식점업,168,851,58147,53008,11937,4702,36369,11122,161,725,55487,50531,26907,11691,4970,6962,11473,166,679,46758,44704,20747,10720,3790,9447,10689,239,881,69476,64336,31079,11375,4270,17611,10738,294,1021,94110,85079,40861,14298,6627,23294,13766
울산광역시,제과점업,158,763,61282,57296,6830,3541,46925,6460,163,843,71618,67500,47425,8160,4333,7581,8131,172,790,70114,65445,37106,8701,5321,14317,8399,181,792,70192,66426,36557,7557,2962,19350,7381,185,768,73366,69823,38921,8887,4252,17762,8671
울산광역시,"피자, 햄버거, 샌드위치 및 유사 음식점업",315,1217,67798,60484,10838,5023,44623,10269,323,1289,75219,66670,36150,11108,6869,12544,10434,369,1184,79688,73224,39297,11932,3634,18361,11201,420,1243,95089,87602,43372,11309,4709,28212,10818,438,1244,97993,89653,44061,11695,7189,26709,11033
울산광역시,치킨전문점,725,1718,101435,84828,7243,5358,72227,6873,732,1751,114621,92631,63226,9553,6345,13508,9204,763,1634,117459,100047,66787,6669,5397,21193,6105,808,1552,159908,144301,84092,11851,6902,41456,11505,822,1530,176913,153263,94972,8074,9961,40257,7501
울산광역시,"김밥, 기타 간이음식점 및 포장 판매점",291,925,45905,40468,6126,3403,30939,5697,303,900,55502,48013,28773,7810,4992,6437,7759,365,971,64819,56639,30860,10247,4828,10704,9838,429,1066,82309,75214,39689,9383,5325,20817,9208,465,1149,89908,78906,44668,10513,5603,18122,10045
울산광역시,생맥주 및 기타 주점업,283,684,39082,34171,4428,3534,26209,4209,217,525,33473,27391,15812,4677,3406,3496,4484,244,501,29759,26987,14727,3267,2508,6486,3126,250,540,33695,30490,14896,5167,3591,6836,4779,277,738,56373,49567,23243,8795,5266,12263,8701
울산광역시,커피 및 기타 비알코올 음료점업,491,1803,80575,70223,14906,9855,45462,14394,441,1497,71265,59520,24279,13055,9924,12261,12704,526,1565,76959,68154,26665,16179,10190,15120,15373,644,2098,102705,96694,35493,23871,11209,26121,23376,701,2446,121978,110899,43181,25517,13484,28718,24793
울산광역시,자동차 전문 수리업,325,934,112312,100784,22219,2171,76394,18295,345,1086,123158,104488,66060,22441,3891,12096,21265,123,526,61849,54772,29999,14894,1979,7899,13794,121,508,68500,59346,29187,15440,1198,13521,14896,127,593,83322,71062,37455,19622,1939,12046,19203
울산광역시,두발 미용업,59,317,14608,13477,3979,1918,7580,3201,75,410,20366,18624,2134,6379,2245,7866,5734,70,289,13857,11564,1546,3122,2035,4860,1689,64,238,12061,11533,1500,3818,1717,4498,3475,64,229,13930,12937,2641,3603,1907,4787,2276
울산광역시,가정용 세탁업,114,191,10283,8692,807,859,7026,749,136,227,12641,7611,3143,791,1381,2295,702,126,176,9621,8200,2765,623,893,3919,518,132,170,8811,7760,2809,460,938,3552,453,127,163,9901,8351,3820,309,883,3339,275
울산광역시,기타 프랜차이즈,557,1732,185212,134086,17839,10480,105767,16600,584,1738,228030,211210,146202,20517,12901,31592,18212,626,1819,233878,213010,122834,27623,19550,43003,25143,717,1774,226128,199363,128711,24840,11611,34200,25089,749,1786,233916,216210,124182,27522,12372,52134,25960
세종특별자치시,합계,1402,5401,402292,367999,53438,30553,284008,47620,1463,5519,483147,431844,256417,69261,36126,70040,65356,1684,5462,490871,463826,264640,67447,34413,97326,61147,1918,5992,578176,550203,307931,69978,37060,135234,66916,2223,7183,719431,665002,378090,84290,45917,156704,80126
세종특별자치시,체인화 편의점,232,933,104050,101624,7709,4213,89702,6113,246,1055,122606,114312,86400,10439,6116,11357,10053,287,1046,122150,122564,86492,11498,3026,21548,10514,299,1049,128443,128082,92141,9536,4039,22367,9233,339,1234,153702,151598,112378,10714,5031,23475,10117
세종특별자치시,문구용품 및 회화용품 소매업,27,69,10378,9646,829,619,8198,728,21,53,9531,7985,5991,608,539,846,561,21,57,10037,9498,7166,739,660,933,702,21,58,10769,10094,7330,795,528,1441,766,27,67,12115,11142,8640,911,701,890,884
세종특별자치시,의약품 및 의료용품 소매업,21,61,11788,10499,876,692,8931,808,24,61,16781,14440,10709,1301,1032,1397,1123,29,68,18980,16739,13372,1139,766,1461,1032,28,74,21920,19405,14759,1357,1006,2284,1263,30,79,32226,29051,23876,1566,1205,2403,1408
세종특별자치시,안경 및 렌즈 소매업,16,39,1991,1899,169,349,1381,164,20,45,6651,5854,2950,915,952,1037,824,22,47,6498,6086,3083,946,1008,1048,859,28,62,8729,8020,4067,1321,1083,1549,1297,24,61,8142,7566,4161,1129,791,1486,1079
세종특별자치시,한식 음식점업,227,953,57822,50582,10737,5567,34278,9875,236,982,69558,59492,32365,12831,6878,7417,12515,294,902,69050,65487,32206,11581,5793,15907,9906,328,959,92040,86369,41113,12798,7548,24910,12400,406,1311,129899,117423,53177,17640,9229,37377,16910
세종특별자치시,외국식 음식점업,67,358,24562,22000,5623,1638,14739,5057,54,251,21555,19164,9638,4572,1761,3193,4360,76,281,23729,25715,10646,5011,2359,7698,4911,107,411,35326,33134,14442,6708,2115,9869,6519,145,509,51330,47538,23066,7890,3527,13056,7535
세종특별자치시,제과점업,57,303,21262,19963,2442,1789,15732,2201,53,271,21416,19109,11177,3227,1368,3337,3113,63,324,25651,24393,15718,3183,1851,3641,3174,75,355,28257,27517,15164,4515,2319,5520,4440,81,349,30292,29263,16784,3411,2502,6566,3281
세종특별자치시,"피자, 햄버거, 샌드위치 및 유사 음식점업",77,393,21714,19683,3650,1846,14187,3420,87,448,30750,27921,13362,5710,2464,6386,5500,110,471,35482,32943,16726,6163,2112,7942,5169,129,500,40975,37353,17818,6058,2640,10836,5694,154,597,46984,44381,22708,5639,3209,12825,5345
세종특별자치시,치킨전문점,145,425,29478,25860,3205,2676,19979,2741,168,512,39098,33905,19161,5675,3037,6032,5415,165,473,38493,32704,19616,3602,2485,7000,3344,166,429,44464,40866,22561,3509,2310,12485,3092,187,444,53946,47892,27831,4652,2957,12451,4256
세종특별자치시,"김밥, 기타 간이음식점 및 포장 판매점",105,358,18885,16865,2719,2098,12048,2446,114,421,26705,23049,12360,3904,2339,4446,3786,139,440,29943,26450,13543,4211,2768,5929,3834,153,437,36424,33990,16458,4541,2947,10044,4376,168,465,39197,35361,18107,4721,2875,9657,4398
세종특별자치시,생맥주 및 기타 주점업,58,151,7796,6801,1045,877,4879,960,59,147,8300,7160,3418,1311,1156,1275,1257,57,133,7054,6467,2863,1183,784,1638,1053,57,129,7731,7084,3081,964,1076,1962,868,61,163,12823,11325,5270,1723,1487,2844,1640
세종특별자치시,커피 및 기타 비알코올 음료점업,106,435,15758,14556,3266,2276,9014,3064,117,398,20357,16983,7280,3980,2751,2973,3626,137,434,22255,20268,7622,5129,2499,5018,4919,173,593,29840,28416,10742,6684,2353,8637,6484,229,924,47389,41855,17678,9230,4420,10528,8810
세종특별자치시,자동차 전문 수리업,24,102,11099,10018,2448,403,7167,2008,33,146,18154,15106,7401,4342,872,2491,3807,24,94,12911,11094,5482,2300,223,3089,2072,22,106,13734,11939,5946,2910,249,2834,2732,23,121,17742,15528,7654,3954,496,3424,3809
세종특별자치시,두발 미용업,34,139,6407,5777,1539,890,3348,1416,40,136,6985,6045,684,1615,957,2788,1504,26,114,5738,5310,1409,1442,732,1727,1421,26,125,5319,4689,809,779,574,2528,670,30,142,7434,5481,1125,1384,700,2272,1368
세종특별자치시,가정용 세탁업,52,112,4780,3899,910,574,2415,788,59,112,6324,4860,944,1030,697,2189,893,68,88,4876,4038,659,544,580,2255,417,41,54,2859,2486,235,155,362,1733,142,40,54,3823,2891,324,103,372,2092,63
세종특별자치시,기타 프랜차이즈,154,570,54522,48327,6271,4046,38010,5831,132,480,58376,56458,32576,7798,3207,12877,7017,166,490,58024,54071,28036,8775,6768,10491,7820,265,651,71346,70758,41265,7347,5910,16236,6939,279,663,72387,66708,35312,9623,6417,15356,9223
경기도,합계,52390,215358,17844193,16468065,2329600,1208920,12929545,2110521,54586,229250,20871955,19060540,11998014,2712812,1470164,2879550,2611651,60707,217161,20851396,19579679,11875367,2625211,1467318,3611783,2453487,68624,229365,23519693,22031033,12924513,2997414,1583366,4525741,2899336,76453,260417,27595789,25893937,14832318,3588099,1746632,5726889,3452360
경기도,체인화 편의점,10536,47714,5505437,5307758,414629,175613,4717516,343955,10764,56528,6947792,6591569,4906020,544871,220455,920223,521488,12280,56042,6851704,6767837,4923370,519073,261256,1064138,504866,13280,55974,6961661,6955629,4916570,550392,255200,1233467,532478,14790,58987,7621153,7544548,5388597,641133,239105,1275713,620148
경기도,문구용품 및 회화용품 소매업,459,1255,178772,163478,14673,11230,137575,12948,456,1210,185209,169446,127636,13831,12537,15442,13571,471,1173,196648,178960,129238,14747,12554,22421,14075,493,1197,212459,195487,139554,15280,13881,26772,14517,630,1444,234852,218383,155071,19027,13895,30390,18046
경기도,의약품 및 의료용품 소매업,928,3268,971608,882553,75726,29384,777443,67809,976,3431,966174,897526,717080,74196,31769,74482,68802,1068,3494,1110879,1041090,845408,77686,36745,81250,68372,1080,3171,1171583,1079457,875020,76203,39648,88586,71425,1171,3642,1508259,1364325,1131614,93517,42757,96436,86095
경기도,안경 및 렌즈 소매업,687,2049,249647,215981,37563,31170,147248,34429,708,2115,266591,239535,129142,42004,37378,31012,39563,809,2073,267602,239430,123118,41870,36619,37823,38751,1001,2365,338273,303538,161582,46642,39942,55372,42419,1026,2477,377634,342640,172377,58926,43599,67738,56704
경기도,한식 음식점업,7602,33158,2374282,2151664,407538,219036,1525090,392846,8144,34733,2741220,2452405,1281796,490411,255534,424665,482166,9462,31278,2616827,2442929,1147584,461240,289258,544846,446083,11112,33015,3187872,3007702,1466866,529585,283023,728228,516685,12377,39092,4045262,3737657,1713826,614581,308806,1100443,594998
경기도,외국식 음식점업,2051,11764,763105,671811,164127,70751,436933,155207,2037,11165,818059,727929,359365,175099,84909,108556,171208,2332,10806,804449,761988,343743,177254,81358,159632,172206,3337,12486,1084475,1023455,482056,208723,90945,241732,203430,4147,16071,1544115,1443119,662991,292047,122941,365140,282985
경기도,제과점업,1832,9095,831010,779773,85766,59835,634172,79689,1847,8714,881250,821250,584052,92448,68762,75988,90658,1957,8856,896551,844379,550357,102471,64886,126666,97366,2170,10059,1031484,979861,603588,121821,87197,167254,119330,2417,10327,1007636,974042,554226,133196,83938,202682,130826
경기도,"피자, 햄버거, 샌드위치 및 유사 음식점업",2834,15208,882458,802639,146713,72341,583585,140135,3037,15985,988323,872221,471295,176418,87631,136877,173353,3518,14745,1074619,966339,510097,165217,81483,209542,156515,4008,15702,1235052,1134500,574781,194359,95103,270257,188604,4441,16214,1378261,1277857,578615,214693,104212,380338,204860
경기도,치킨전문점,5883,16243,1087521,947103,94582,75558,776963,85490,6122,16094,1392945,1211966,768977,122701,100248,220039,121565,6576,15080,1432803,1238225,760942,99169,95586,282529,85509,6925,15524,1757193,1533421,906136,159122,107162,361001,152187,7112,16115,2012442,1821409,1060884,164155,100989,495380,152889
경기도,"김밥, 기타 간이음식점 및 포장 판매점",3262,12134,646995,575507,102053,62741,410713,96845,3411,12278,780692,685219,370123,124502,79496,111097,122127,4076,12134,840433,755650,410317,114367,81450,149515,101124,5121,14384,1226395,1059332,558242,158999,93573,248518,154316,5368,15445,1384198,1247692,607064,178857,107324,354448,171196
경기도,생맥주 및 기타 주점업,2419,8062,478642,422773,71268,55050,296455,65455,2188,6877,451077,385992,204846,69363,53163,58621,68706,2252,6333,393377,344597,158109,62938,46460,77090,55193,2141,5519,367956,331176,148167,58938,40732,83338,55890,2502,7475,631936,560541,237296,101263,77975,144007,99107
경기도,커피 및 기타 비알코올 음료점업,4139,18018,782879,698660,149151,108999,440510,142380,4353,19521,892115,782931,320899,178426,132257,151350,171316,5136,18352,915578,819583,333509,174366,123246,188462,159008,6003,22365,1093937,964897,385699,197920,149064,232214,194065,7373,29616,1459345,1343053,490102,326645,194262,332044,318663
경기도,자동차 전문 수리업,1625,6914,856857,772099,218404,34489,519206,175303,1606,7547,901472,847304,421708,223984,39659,161952,210343,1426,6993,867174,792137,370541,217334,41749,162512,199456,1459,7364,949328,867762,385844,251202,45939,184777,245394,1502,7735,1082800,967756,451982,272893,45220,197661,266168
경기도,두발 미용업,1198,6421,287534,259317,74081,38286,146950,63827,1199,6861,341709,298717,79993,95765,44889,78069,82584,1230,5846,295871,259766,49732,86206,35428,88400,65391,1273,5772,342360,301335,54851,87033,44005,115446,76974,1461,6519,410344,362117,63972,106630,51776,139740,93099
경기도,가정용 세탁업,1382,2738,144992,122479,21847,13889,86743,18569,1461,2954,181887,145669,61268,24009,19903,40488,21157,1422,2171,146706,125303,42231,20937,16936,45199,15978,1413,1966,126239,111583,24374,19288,12856,55064,14319,1430,1932,133081,111981,27526,10818,12788,60848,9652
경기도,기타 프랜차이즈,5553,21317,1802454,1694470,251479,150548,1292443,235634,6277,23236,2135441,1930863,1193814,264785,201575,270688,253043,6692,21785,2140175,2001466,1177069,290337,162303,371757,273591,7808,22502,2433426,2181897,1241182,321905,185096,433714,317304,8706,27326,2764471,2576819,1536176,359718,197044,483882,346923
강원도,합계,7117,23774,2138913,1917719,233876,87429,1596414,201823,7509,25680,2488958,2242434,1485059,274515,115337,367523,262988,7904,24394,2418370,2290798,1475515,299576,102742,412965,268227,8744,26030,2709477,2543427,1565949,305707,120151,551620,293069,9673,29292,3217733,2977321,1898093,343600,130990,604639,325308
강원도,체인화 편의점,1704,6422,800667,764918,59284,20337,685297,46343,1801,7137,921707,848330,622645,63180,32339,130166,61061,1989,7142,911279,914674,656297,79582,21301,157494,70588,2137,7355,953270,949113,662564,72218,25414,188918,68757,2327,7618,1086894,1073835,774323,73561,25859,200092,68115
강원도,문구용품 및 회화용품 소매업,72,152,20320,18597,1025,689,16883,805,72,142,16889,13972,10453,1085,688,1745,1009,70,152,18123,16181,12992,1102,552,1536,943,70,155,24352,21888,16110,1922,642,3214,1853,77,168,28887,26211,20474,1564,900,3272,1449
강원도,의약품 및 의료용품 소매업,97,300,114209,104836,6648,2183,96005,5812,110,320,110942,101639,80895,6109,3592,11043,5700,129,375,140982,129253,111589,6943,2337,8384,6598,126,358,159162,147674,127483,9017,3059,8115,8689,130,393,186276,169705,147880,8441,2949,10435,7907
강원도,안경 및 렌즈 소매업,82,231,31340,26284,5462,2502,18320,4179,84,236,29186,24902,14037,4548,2840,3478,4312,80,243,27434,24130,12248,5299,2524,4060,5135,96,262,35887,30949,14824,6707,3302,6116,6396,100,273,39429,33686,17998,5689,2675,7325,5423
강원도,한식 음식점업,729,2623,168981,149399,26966,10940,111493,24791,845,2994,221191,195530,109196,34807,15128,36399,34471,940,2780,207400,193543,101508,33813,12979,45243,30251,1152,3067,252776,234234,117873,37079,16496,62786,36097,1339,3701,316319,287636,146192,46501,17677,77267,44777
강원도,외국식 음식점업,166,1049,65223,57189,13295,3622,40272,12231,189,1191,88416,81613,37290,21819,5573,16931,20606,223,1090,80529,76887,33605,21198,5030,17054,17317,279,1168,96229,90764,42107,19684,5775,23198,19212,403,1471,135500,125236,62793,22940,7872,31630,21901
강원도,제과점업,230,872,79775,73982,7722,4058,62202,6842,230,948,80887,74702,50048,9997,5433,9224,9905,242,880,84223,79674,53861,9933,4980,10901,9821,261,1020,99099,93620,58136,13133,4256,18095,12989,293,1036,122037,114152,75872,11254,4988,22038,10811
강원도,"피자, 햄버거, 샌드위치 및 유사 음식점업",438,1722,105295,92762,15704,6635,70423,14453,497,2013,124406,111756,64075,18934,5974,22773,18307,530,1717,123778,113335,63563,17587,5753,26432,16419,573,1748,134257,124219,63834,17372,5916,37098,16571,657,2019,163166,148395,78279,18897,9741,41479,17609
강원도,치킨전문점,1043,2402,144553,117506,8571,7360,101575,7982,1072,2358,171617,145571,104262,11650,7698,21961,11172,1135,2206,174944,149689,99400,11886,8816,29587,10761,1208,2295,214277,187324,116053,15996,9091,46184,15434,1257,2561,250915,220577,146381,16306,8914,48977,14672
강원도,"김밥, 기타 간이음식점 및 포장 판매점",401,1279,66896,58128,9802,4133,44193,9163,388,1158,68883,58083,35598,9075,5094,8317,8947,444,1177,77444,67577,40708,9630,4865,12374,8736,569,1419,108789,100383,50897,12724,6517,30246,10819,609,1633,129885,114883,61755,17942,6223,28963,16960
강원도,생맥주 및 기타 주점업,430,1000,54256,45864,5494,4473,35897,4943,375,821,48808,39234,22482,5792,4402,6558,5569,362,742,41791,36623,17329,5811,3771,9712,5188,364,745,42750,38818,19636,5085,4022,10075,4904,391,912,62229,51277,26064,8363,6030,10820,8078
강원도,커피 및 기타 비알코올 음료점업,473,1830,78212,69139,15758,7007,46374,14918,504,2012,90386,75669,35234,19266,8427,12743,19177,580,1980,98708,83324,37855,18987,7571,18911,17754,633,2272,110758,101113,41772,23341,9032,26969,22919,750,2895,154735,136528,57544,29824,13882,35278,28339
강원도,자동차 전문 수리업,481,1549,157493,140649,31781,2850,106018,25750,513,1881,199537,182794,104431,39969,4488,33906,37923,228,1176,123477,111691,58486,31875,3214,18116,27918,224,1126,125087,109034,47611,32428,1529,27465,31503,233,1310,158033,134489,59091,43255,2954,29189,42181
강원도,두발 미용업,52,223,10281,9185,2741,1018,5426,2495,45,170,8988,8267,1738,2497,1159,2872,1964,38,159,7443,6696,1712,1832,781,2371,1338,40,153,8025,7189,1088,1780,750,3571,1681,55,221,12509,10344,1841,3228,1380,3896,2869
강원도,가정용 세탁업,76,153,7044,5595,969,512,4114,840,83,218,9516,7533,2104,1507,820,3103,1361,86,141,7002,5662,2348,876,741,1697,797,76,99,5501,4034,1353,477,716,1487,460,75,104,6039,4325,1575,500,600,1650,479
강원도,기타 프랜차이즈,643,1967,234368,183686,22654,9110,151922,20276,701,2080,297599,272839,190572,24280,11683,46305,21504,828,2434,293813,281859,172015,43221,17530,49093,38664,936,2788,339258,303071,184606,36745,23634,58086,34784,977,2977,364880,326042,220032,35336,18346,52328,33738
충청북도,합계,6799,23228,2034740,1850235,235481,98744,1516010,206801,7116,24370,2192270,1909813,1254017,266212,121186,268399,254848,7806,23333,2178422,2049845,1324534,253921,110579,360812,223730,8587,24923,2587641,2429863,1511608,293242,118991,506023,280507,9481,28555,3114025,2888860,1780514,340527,156965,610855,324669
충청북도,체인화 편의점,1426,5598,663086,636183,48249,16593,571341,39653,1458,5915,690509,634468,457162,50728,19216,107361,48739,1631,5906,683061,692835,497956,51325,18145,125409,42812,1736,5753,766457,767188,553417,57391,16732,139648,54993,1932,6563,936092,932496,674778,63716,23347,170655,60511
충청북도,문구용품 및 회화용품 소매업,67,182,36764,33286,2214,1247,29825,1418,60,173,28936,24667,19148,2334,1108,2078,2200,56,163,28590,26127,20757,2081,929,2360,1928,62,170,34935,32054,24466,2194,840,4556,2081,77,185,37035,33738,25604,2589,1064,4482,2455
충청북도,의약품 및 의료용품 소매업,69,288,92372,81770,8574,1793,71403,7359,78,294,101178,88734,68482,8213,1803,10235,7104,85,299,107000,96672,80995,7197,1963,6517,6563,82,292,115758,104903,87882,7856,2578,6587,7344,89,319,125162,112253,95486,7950,2303,6513,7496
충청북도,안경 및 렌즈 소매업,124,299,35026,28585,5200,2904,20481,4440,126,306,31185,26467,15114,4821,3501,3031,4492,126,301,32361,28856,14758,5386,3506,5207,4965,140,308,38741,33748,16425,5568,4095,7660,5335,139,312,43268,38147,19839,6212,2989,9107,5865
충청북도,한식 음식점업,972,3609,257003,225722,38398,18738,168586,35603,1090,3764,274295,228599,135849,41805,23200,27745,41058,1234,3424,255806,237628,129369,39770,19969,48520,35486,1397,3782,341067,314164,159238,48355,22868,83704,47169,1631,4872,463026,418278,206481,63320,26881,121596,60984
충청북도,외국식 음식점업,193,992,63880,55736,13551,4139,38046,12458,204,966,61961,54209,26514,14089,5115,8490,13670,248,957,64752,60656,28857,14786,4470,12543,12899,333,1167,92110,85581,41133,15181,6156,23111,14577,410,1366,123743,114184,52397,21317,8856,31615,20380
충청북도,제과점업,265,1029,96399,87968,10008,5943,72017,9330,278,1136,86585,72277,46837,12729,5311,7400,12367,284,995,82824,77252,51396,8593,4928,12335,7892,319,1189,106074,102953,64099,9953,5881,23020,9717,347,1165,128625,119526,78938,13815,5895,20878,13401
충청북도,"피자, 햄버거, 샌드위치 및 유사 음식점업",396,1670,100998,89878,14094,6490,69294,12750,426,1885,118531,98792,59663,17137,7319,14673,17005,494,1710,119819,108474,59260,18142,7495,23577,17203,542,1843,144948,129343,67062,19149,6968,36163,18486,594,2082,172916,157463,78380,20965,12524,45595,19681
충청북도,치킨전문점,881,2056,128162,104877,8263,6520,90094,7736,907,2075,165122,128283,93244,12479,9182,13378,12203,965,1954,167174,145200,97416,11320,9849,26615,9443,1032,2070,200216,179659,111554,12417,10416,45273,11720,1084,2218,230166,198750,133440,12856,10487,41967,11939
충청북도,"김밥, 기타 간이음식점 및 포장 판매점",407,1153,61462,52376,7648,4795,39933,6866,442,1244,73217,58364,33827,9901,7107,7529,9017,481,1215,76427,66352,40899,8697,5049,11706,7338,598,1441,112061,100324,57541,11682,6372,24729,11200,628,1570,129800,114745,63970,14645,7449,28680,13580
충청북도,생맥주 및 기타 주점업,465,1109,60969,51070,6706,5985,38379,6285,406,989,53913,42624,23480,7529,5971,5644,7382,406,917,47089,41387,20159,7678,4136,9413,6726,390,812,48856,44040,20915,6036,5465,11623,5734,412,967,73470,62511,31710,7237,7971,15593,6855
충청북도,커피 및 기타 비알코올 음료점업,417,1635,72462,63705,13155,8429,42121,12334,443,1694,86941,70401,33574,16843,12351,7633,16678,554,1849,87100,78320,33421,16890,11234,16775,15422,635,2279,109063,99472,38406,24040,11678,25348,23547,754,2928,151789,133979,54463,27587,17986,33943,26615
충청북도,자동차 전문 수리업,244,1048,120532,109755,29111,2337,78307,23952,245,1178,131733,122609,69017,34424,3766,15402,32332,195,973,119078,109513,60364,28067,3103,17979,25398,192,965,117678,107756,54763,34432,1934,16627,32752,201,1043,135012,121326,59341,37638,3641,20707,36942
충청북도,두발 미용업,75,291,14513,12508,2787,1076,8645,2393,73,257,12282,11322,2134,3179,1439,4569,2904,76,256,14831,13334,4274,3379,1799,3881,2931,78,287,16074,13729,3146,3876,1362,5346,3511,89,325,17582,14471,3259,5369,1790,4053,4447
충청북도,가정용 세탁업,91,132,8058,6501,699,648,5154,581,118,187,11518,7728,2440,963,1163,3161,698,123,144,9258,6725,1116,146,978,4485,146,120,147,8109,6724,1057,108,851,4708,62,118,149,10152,8021,1064,246,1036,5675,219
충청북도,기타 프랜차이즈,707,2137,223054,210315,26824,11107,172384,23643,762,2305,264363,240270,167531,29037,13632,30071,26998,848,2270,283252,260515,183535,30465,13025,33490,26578,931,2418,335494,308223,210505,35004,14795,47919,32280,976,2491,336187,308973,201363,35067,22746,49796,33298
충청남도,합계,9606,33194,2909664,2654710,349081,150321,2155308,301222,9636,33793,3117767,2782638,1799823,366904,172181,443729,353159,10343,31701,3084220,2897631,1806583,369295,167899,553854,324051,11440,33242,3627547,3419111,2077276,398678,168816,774342,375107,12663,38493,4359360,4076605,2483597,493441,218525,881042,471405
충청남도,체인화 편의점,2115,7950,995925,958302,70072,27538,860692,54656,2136,8279,1109367,1033756,771810,73296,29820,158829,69287,2377,8101,1090126,1086350,780030,73362,34846,198113,61368,2550,7993,1177969,1167706,835489,77244,28269,226704,71516,2801,8952,1334631,1339248,967898,85920,38020,247410,80249
충청남도,문구용품 및 회화용품 소매업,80,206,35536,32974,2712,1174,29088,2214,78,198,35481,31493,25182,2348,1084,2879,2074,80,217,40631,37728,29466,2963,1746,3553,2586,80,215,42648,38751,29711,2687,1699,4653,2573,91,228,48449,44008,34041,2694,1573,5700,2439
충청남도,의약품 및 의료용품 소매업,93,347,106379,96650,8060,2558,86032,7349,93,350,94444,87433,68370,8361,3430,7272,8053,95,344,105931,97222,80617,6630,3190,6784,6401,93,331,125943,115834,98373,5980,2809,8671,5607,99,343,161777,147336,125177,9572,3290,9296,9085
충청남도,안경 및 렌즈 소매업,142,399,49705,42173,7823,4260,30090,6782,127,364,44251,38035,21890,6728,3996,5421,6432,123,346,44362,39072,20675,7646,4341,6411,7241,137,369,53574,46694,24815,7524,3829,10527,6920,144,374,55479,48859,24622,8292,4640,11306,7673
충청남도,한식 음식점업,1455,5309,361721,321943,57265,27055,237623,52216,1501,5477,381394,328792,190432,63444,30172,44743,62231,1679,4904,357116,333604,177122,59308,26442,70733,49637,1918,5294,486061,458251,222473,77006,35229,123542,75008,2235,6798,654453,606899,303178,100066,40255,163400,96760
충청남도,외국식 음식점업,304,1554,106028,95053,22207,8264,64582,19998,295,1374,107771,94433,48854,21606,8914,15060,21136,331,1377,101995,97164,44773,22806,8526,21060,21486,467,1762,151288,141554,69666,25249,10293,36345,24318,564,2176,207821,189371,92377,34049,14933,48012,32717
충청남도,제과점업,307,1324,125628,116801,14210,6832,95759,13260,332,1397,126213,112772,76936,16907,7597,11332,16316,330,1275,119476,110432,72923,15078,6509,15921,14371,359,1445,142926,132385,82436,15036,5471,29442,14497,391,1442,168535,157972,98227,17289,9153,33303,16846
충청남도,"피자, 햄버거, 샌드위치 및 유사 음식점업",561,2317,143107,127964,22506,10559,94899,20814,597,2619,168402,149095,84737,26443,13461,24453,25873,643,2265,175251,161684,89855,25634,11220,34975,21800,699,2339,197435,178310,93825,24644,9350,50491,23537,772,2651,239505,218598,110472,30298,14326,63503,28446
충청남도,치킨전문점,1234,2903,188719,157763,11963,10056,135744,10604,1211,2840,220387,183190,120078,12296,12804,38011,12157,1229,2664,216679,185678,120150,15261,10771,39496,13208,1334,2718,279165,253954,157254,15389,10925,70387,14393,1460,3089,334277,286671,179607,23247,12242,71575,21614
충청남도,"김밥, 기타 간이음식점 및 포장 판매점",629,1909,98204,85345,12991,8173,64181,12124,577,1641,96914,81950,47685,12477,8278,13510,11927,662,1593,98660,86794,49773,11600,6845,18576,10003,810,1863,154191,141164,75294,12714,10501,42656,11982,870,2209,194355,168400,90054,20642,13084,44620,19519
충청남도,생맥주 및 기타 주점업,514,1383,78019,67275,9300,8140,49835,8486,448,1271,75339,63092,32798,11070,8809,10415,10893,436,1154,63609,57390,28232,10527,5785,12845,9854,431,1020,66849,60048,30660,6790,6145,16452,6324,463,1222,91446,81654,39938,11813,9844,20059,11327
충청남도,커피 및 기타 비알코올 음료점업,633,2291,106865,95275,19247,11698,64330,18041,631,2483,134165,115114,54624,24301,14577,21611,23764,724,2300,128869,112581,46235,25864,13297,27185,23270,828,2659,143788,133436,52532,28225,15263,37416,27585,953,3367,196982,175256,72887,40396,21007,40966,39339
충청남도,자동차 전문 수리업,317,1296,154745,138515,36792,3269,98454,29311,325,1478,175534,157283,83746,42551,4008,26977,40211,270,1319,159888,145896,71002,42363,4393,28137,39806,268,1354,174183,154000,74153,45590,3885,30371,42759,266,1429,187973,169119,73848,50357,3921,40994,49512
충청남도,두발 미용업,90,353,15616,13282,4152,1501,7629,3511,101,411,20645,18476,5234,5297,2180,5765,5049,102,421,24101,20567,4473,6026,2146,7921,5232,111,399,23050,20529,3755,3899,1996,10879,3432,137,465,26061,21750,4104,6670,2770,8207,5987
충청남도,가정용 세탁업,189,357,18682,16017,2957,1481,11579,2523,195,341,17710,15151,4910,3339,2222,4680,2826,188,275,15832,14379,3291,2732,2611,5745,1337,176,249,13474,11445,3129,1486,1549,5282,1269,160,221,13861,11310,3299,1163,1540,5308,1100
충청남도,기타 프랜차이즈,943,3296,324785,289378,46824,17763,224791,39333,989,3271,309747,272574,162537,36440,20828,52768,34930,1074,3146,341694,311088,187965,41492,25232,56399,36452,1179,3232,395003,365051,223711,49215,21602,70523,43387,1257,3527,443755,410153,263867,50974,27927,67385,48792
전라북도,합계,7018,24564,1996137,1814482,235154,94410,1484918,208147,7060,25599,2138198,1897298,1252501,271543,113114,260141,261203,7768,24423,2127130,1990716,1278494,265458,97793,348971,245494,8564,25704,2526374,2358371,1477120,275146,105200,500905,267317,9490,29202,3039125,2804137,1751151,342369,141644,568973,328427
전라북도,체인화 편의점,1286,4770,549682,527978,42106,13795,472077,30395,1262,5211,577450,536436,394533,47736,19608,74559,46488,1437,5136,570729,570385,408765,49444,10690,101485,42739,1510,5026,626274,628533,447001,41495,13895,126142,39571,1681,5301,720532,722230,511083,47820,18623,144704,45209
전라북도,문구용품 및 회화용품 소매업,49,120,15708,14788,1246,583,12959,1135,47,114,13884,12861,10266,1073,480,1041,1019,46,111,14447,12959,9960,1165,387,1448,1057,49,121,22759,20831,16179,1595,568,2488,1483,57,136,27083,23850,18564,2050,880,2356,1972
전라북도,의약품 및 의료용품 소매업,108,369,118324,106619,7941,1840,96838,7153,94,337,85185,75881,61881,6004,1229,6767,5785,99,330,97152,89150,76084,6254,1075,5737,5446,102,345,122071,111272,95874,6463,1534,7400,6222,143,447,204081,184556,158469,11204,1356,13526,10603
전라북도,안경 및 렌즈 소매업,165,400,45515,37736,6486,3576,27674,5819,148,361,35902,29127,16468,5899,2697,4063,5591,151,383,38643,33685,16533,6613,3275,7263,6080,164,367,45227,39422,21302,5385,3098,9636,5146,174,391,52430,45495,25556,6164,3889,9886,5734
전라북도,한식 음식점업,932,3802,247806,221915,38627,16434,166854,36664,1018,4226,289032,255640,146645,48495,22045,38455,46975,1137,3755,265702,250308,146068,40385,17599,46255,38439,1342,3887,333318,308696,166817,47450,19527,74903,46593,1562,5005,454082,405976,227209,60815,21510,96443,59324
전라북도,외국식 음식점업,196,1151,75895,68287,16190,4904,47193,15207,200,1144,73946,65660,34421,17045,5623,8569,16593,229,1083,76761,72212,36588,17015,5894,12716,16700,309,1389,110750,101258,48882,20874,6265,25237,20516,394,1669,147750,134696,66585,31027,9875,27210,30175
전라북도,제과점업,247,987,90241,84271,9088,4374,70809,8226,262,996,95527,89651,58147,10794,4040,16669,10345,277,948,97388,92005,63423,11604,5393,11585,11111,288,1060,114167,107072,70744,11882,4890,19556,11671,316,1116,110926,103566,67494,12106,5697,18268,11730
전라북도,"피자, 햄버거, 샌드위치 및 유사 음식점업",421,1517,88219,78742,11981,5384,61377,11179,467,1793,103059,88333,53641,15465,6750,12476,15143,531,1631,108522,101034,61695,16016,5806,17517,15180,542,1705,125277,109615,60456,13085,6174,29899,12564,607,1892,153436,137067,74929,18039,10168,33931,16995
전라북도,치킨전문점,835,2189,131916,108552,10280,6538,91734,9678,812,2357,163312,133044,91941,15105,8825,17173,14392,896,2207,167576,148171,100891,13818,8831,24631,13123,987,2260,211911,188059,123708,15302,7156,41893,14675,1059,2323,241922,210811,140493,15474,10065,44780,14158
전라북도,"김밥, 기타 간이음식점 및 포장 판매점",473,1571,82391,69696,12088,5849,51759,11285,505,1584,105291,88715,53027,14656,7127,13904,13906,571,1597,110028,98791,58861,14278,6613,19039,12737,662,1685,137895,125067,68985,16750,6303,33027,16368,662,1763,159752,141238,78379,17602,7529,37728,16512
전라북도,생맥주 및 기타 주점업,462,1266,70796,59655,8530,5757,45368,8057,371,1099,62606,50820,28672,9422,4854,7872,9036,391,1031,55315,50229,26778,9134,4643,9673,8722,406,974,57410,49437,25282,8140,5248,10767,7813,458,1203,82355,72317,38743,11056,8813,13706,10659
전라북도,커피 및 기타 비알코올 음료점업,612,2507,98905,85217,18263,9972,56982,17422,650,2700,118046,100317,45513,22561,12317,19926,21836,729,2489,113016,96218,40476,23001,12622,20119,21730,813,2854,136853,126884,51728,28251,13514,33392,27474,935,3583,179813,164415,65812,38654,19969,39979,37563
전라북도,자동차 전문 수리업,278,1026,108479,97712,22513,1064,74135,18196,268,1029,109096,96242,57096,25349,1097,12701,23971,230,885,103962,91317,47745,22375,1196,20002,20338,226,988,115656,103106,54400,23598,1296,23811,22708,218,1128,126147,110993,53506,29024,1790,26673,28568
전라북도,두발 미용업,85,356,12254,10816,3851,1571,5394,3404,65,245,12139,10886,2876,4005,1063,2942,3607,76,277,12604,10799,1859,3310,1367,4264,3193,71,247,13455,11872,1516,3967,974,5414,3844,83,321,15722,13628,1547,5135,1882,5064,4983
전라북도,가정용 세탁업,139,215,7687,5945,625,651,4669,608,107,172,6627,4277,2033,540,726,978,466,98,127,6419,5971,3588,684,338,1361,550,88,128,5842,5252,1247,948,391,2666,920,109,148,8465,7007,1221,1002,627,4157,965
전라북도,기타 프랜차이즈,730,2318,252319,236553,25339,12118,199096,23719,784,2232,287094,259408,195340,27392,14631,22044,26050,870,2433,288866,267482,179181,30362,12063,45875,28351,1005,2668,347509,321996,222998,29960,14365,54672,29749,1032,2776,354629,326293,221561,35198,18972,50562,33277
전라남도,합계,6598,21568,1904062,1750696,200674,73208,1476814,181319,6488,22551,2049838,1831088,1255473,228177,86659,260780,219986,7274,21852,2051312,1910582,1266103,223252,74712,346514,205335,8177,23403,2455744,2299887,1460582,283315,81865,474125,274487,9068,26695,2924229,2699554,1712917,312170,118723,555744,300728
전라남도,체인화 편의점,1125,4327,534437,514791,32709,11582,470500,27484,1174,5223,601852,579727,433902,40792,15592,89441,39454,1369,5185,593259,593109,424723,42982,11258,114146,36045,1483,5006,678472,673289,478175,48784,12425,133904,47222,1645,5350,760717,754209,540958,49220,18086,145945,47515
전라남도,문구용품 및 회화용품 소매업,63,155,22725,20365,1382,504,18479,1261,64,156,22701,20547,16355,1272,798,2122,1199,68,165,25170,22921,17822,1544,500,3055,1404,67,164,32088,29035,22610,1853,587,3985,1801,76,180,36448,32934,25449,1851,975,4658,1741
전라남도,의약품 및 의료용품 소매업,121,423,138180,121898,9481,2027,110390,8481,129,477,174370,153973,131835,10312,1778,10047,9712,129,446,177486,160820,135831,10943,2617,11430,10610,130,446,177801,162134,136018,12454,3750,9912,10411,138,468,214207,192815,167468,10272,2735,12339,9667
전라남도,안경 및 렌즈 소매업,137,341,39792,34353,4877,3684,25792,4353,124,327,37201,31645,17876,5241,4204,4325,4939,120,298,34423,30585,16797,4583,3098,6108,4342,131,287,36623,32690,15197,6345,3537,7611,6242,127,277,38228,34074,17733,4256,3296,8789,4070
전라남도,한식 음식점업,728,2759,173523,155788,26547,9475,119766,25357,781,2855,185545,154483,90629,29591,10568,23694,29253,973,2620,184157,170132,94178,26714,8670,40570,25957,1191,3056,261154,248531,133977,40814,13257,60483,40131,1432,4127,383409,351135,188750,51881,17579,92926,50175
전라남도,외국식 음식점업,163,803,53038,47709,9237,3039,35433,8744,167,815,53155,46866,24484,10247,3889,8245,10028,201,859,58336,54586,27928,11557,4597,10504,11515,271,1096,82502,77015,38116,15265,4356,19277,14800,355,1309,114810,103756,52544,19641,7154,24417,18819
전라남도,제과점업,234,943,85951,78464,10146,3939,64379,9312,257,1054,92101,82254,57412,11730,4571,8541,11793,267,964,90393,84875,55652,12046,5514,11663,11278,288,1114,105340,98353,63049,11100,4125,20078,10896,281,967,109753,101641,66316,11437,4506,19382,11285
전라남도,"피자, 햄버거, 샌드위치 및 유사 음식점업",409,1466,87879,79181,11035,4994,63152,10380,404,1423,95283,81735,52048,11774,6264,11649,11361,453,1429,107470,97572,59760,13356,4532,19924,12520,503,1497,124203,111891,62099,12765,3982,33044,12330,568,1638,146197,128952,70403,15002,7741,35807,14115
전라남도,치킨전문점,833,2091,120389,111511,8277,4459,98775,7996,809,2196,124284,101708,71515,10107,6245,13842,9882,933,2071,132355,116119,76016,8924,5305,25874,8222,1007,2055,192734,173659,111277,12637,5393,44352,12088,1031,2166,232018,205296,133494,13872,9081,48850,12558
전라남도,"김밥, 기타 간이음식점 및 포장 판매점",423,1277,64894,57163,8588,4026,44549,8229,426,1235,69851,57778,33308,9472,5706,9293,9386,468,1167,68749,59007,36866,7420,3641,11080,7169,593,1401,106637,95971,49769,15354,5590,25258,15129,624,1536,122252,107777,61197,12253,6101,28226,11730
전라남도,생맥주 및 기타 주점업,631,1231,66722,54845,5559,5220,44066,5380,431,867,53849,42177,25795,5522,5017,5843,5382,404,758,43269,37445,20600,5345,3407,8094,4741,389,781,47476,41655,22120,6060,3526,9949,5775,452,1029,73052,64770,34644,11096,6269,12761,10776
전라남도,커피 및 기타 비알코올 음료점업,525,1967,93581,80961,15991,7872,57098,14668,545,2064,109017,89235,42459,20751,9197,16828,20011,662,2169,113334,95180,44192,19713,8904,22372,18702,777,2595,126507,114030,45188,28796,9363,30683,28331,961,3415,176991,155611,65153,37754,15857,36846,36778
전라남도,자동차 전문 수리업,307,1181,118028,105642,27404,1280,76958,22881,316,1395,135510,120451,63391,35268,1709,20082,32668,240,1128,116817,104361,52104,28453,1663,22141,25326,235,1095,125078,112797,58580,33284,641,20292,32575,232,1173,133141,115617,52620,34799,780,27418,34246
전라남도,두발 미용업,46,169,5985,5101,1622,780,2699,1452,46,170,6635,6109,1733,1750,1015,1611,1534,80,217,8407,7871,2231,2129,1056,2455,2059,73,184,7094,6393,780,1524,833,3256,1449,73,183,6386,5620,685,1735,1101,2098,1641
전라남도,가정용 세탁업,114,170,8044,6409,336,567,5506,301,97,136,7538,5019,2577,212,554,1676,210,103,148,7264,6040,1591,260,588,3601,228,107,153,7499,6317,1408,235,633,4042,223,113,150,9280,7827,1985,288,969,4585,269
전라남도,기타 프랜차이즈,739,2265,290894,276515,27483,9760,239272,25040,718,2158,280948,257382,190153,24138,9551,33540,23175,804,2228,290423,269959,199812,27286,9363,33498,25216,932,2473,344536,316129,222219,36043,9868,47998,35082,960,2727,367340,337519,233517,36814,16494,50695,35343
경상북도,합계,10144,32193,2770021,2482577,291738,119219,2071620,258743,10248,33847,3082748,2747093,1887516,341675,162277,355625,332279,11159,32403,3044161,2844153,1847850,338783,132501,525019,306004,12484,34571,3579632,3324174,2091835,384242,143760,704337,371373,13844,38819,4233277,3899283,2443655,470077,189452,796099,451854
경상북도,체인화 편의점,1926,7134,898571,865687,56902,20987,787798,46597,1922,8304,1006655,944376,723957,82247,37885,100287,80567,2191,8169,993246,989548,707809,68358,20847,192534,57634,2368,7953,1077215,1079334,773781,70673,24885,209995,67383,2647,8528,1221762,1225557,878901,85809,30903,229945,83023
경상북도,문구용품 및 회화용품 소매업,81,200,31952,29398,1953,998,26447,1740,72,184,24626,21878,17631,1649,1033,1565,1549,73,194,27285,25381,20585,1984,873,1939,1836,73,202,30973,28583,22189,2280,1099,3015,2086,94,243,41246,38539,30317,2621,1113,4488,2383
경상북도,의약품 및 의료용품 소매업,135,428,132294,116060,9125,2182,104753,7981,144,457,150162,139977,116337,9268,3491,10881,8820,152,440,153704,136971,116507,8419,2305,9741,7858,155,421,175933,158933,132824,10168,4153,11789,9324,163,491,209220,186664,160185,9426,4265,12789,8578
경상북도,안경 및 렌즈 소매업,126,367,42316,36167,6208,3747,26212,5558,120,352,38102,32607,18945,6054,4211,3397,5802,123,323,38661,34521,18071,6590,3909,5950,6051,143,350,44572,38995,20143,6298,3861,8693,6079,148,348,47932,41074,22783,6681,4007,7602,6442
경상북도,한식 음식점업,1333,4884,321326,283390,49970,21116,212304,47330,1440,5167,364723,317795,189374,56077,26758,45586,55089,1642,4697,342299,319039,173917,55116,22255,67751,49760,1877,4911,426767,390254,201318,69824,23872,95240,68376,2184,6051,578806,521163,275349,76915,28016,140884,73472
경상북도,외국식 음식점업,259,1109,68370,60404,13617,4653,42134,12494,247,1066,71434,63743,33108,15229,4954,10452,14810,295,1045,77390,73205,35509,17701,5322,14673,17245,422,1427,117502,107940,51999,19500,7230,29211,18899,572,1757,160370,145035,73973,24813,11200,35049,23925
경상북도,제과점업,323,1269,124428,116275,11265,5127,99883,10264,350,1352,130384,117443,84758,14792,5503,12389,14615,351,1354,139791,130530,84410,16491,8501,21128,15978,403,1569,151363,142374,88015,17218,6261,30880,17111,444,1603,181889,169762,103490,20131,8358,37784,19744
경상북도,"피자, 햄버거, 샌드위치 및 유사 음식점업",568,2172,134836,121558,21918,7273,92367,18295,592,2352,176032,139306,72857,20987,9646,35816,20512,649,2144,166897,151296,85119,22306,8991,34881,20825,737,2405,186384,166416,84945,21426,8605,51439,20433,821,2557,220882,198025,98553,31023,15696,52752,29854
경상북도,치킨전문점,1568,3392,199228,155387,10267,9298,135822,9316,1546,3305,208425,158628,113377,9732,12035,23484,9568,1604,3101,207663,179289,122321,12078,8619,36272,10490,1686,3130,279361,240207,159442,13835,8818,58111,13008,1775,3400,340482,289488,197966,21434,13108,56981,20050
경상북도,"김밥, 기타 간이음식점 및 포장 판매점",644,1862,93175,79366,12100,6839,60427,11088,628,1854,96329,81045,46511,15567,8535,10431,15470,718,1756,100913,85718,51264,12344,6958,15151,11643,903,2083,152515,132417,74353,14775,8071,35217,14244,967,2303,186178,159525,92131,20076,10837,36480,19253
경상북도,생맥주 및 기타 주점업,701,1410,76356,62549,6869,6378,49302,6358,601,1189,68740,54631,31756,7271,6644,8960,7175,598,1101,59365,52322,26962,6580,6162,12618,5848,609,1124,66696,59359,30304,7082,6355,15618,6572,635,1325,91218,77879,40074,12633,9450,15721,12350
경상북도,커피 및 기타 비알코올 음료점업,786,2669,120784,103989,21890,10926,71173,20572,810,2825,138413,111958,55300,24255,14503,17900,23679,958,2821,148172,130108,57895,30630,12889,28693,26589,1140,3586,187831,166089,66399,40652,15629,43410,39800,1301,4334,237874,208936,83428,53562,21537,50409,52244
경상북도,자동차 전문 수리업,418,1573,168001,146656,36781,2438,107437,31278,398,1659,179288,163174,90366,42678,4343,25786,41331,355,1460,153842,136903,71662,37494,2629,25118,35531,353,1446,171073,152242,71763,46034,2003,32443,44772,350,1635,190371,167474,80780,51234,5155,30305,50237
경상북도,두발 미용업,79,297,13168,11400,2492,1293,7615,2353,62,212,10522,8606,2078,2678,1460,2389,1879,51,192,9512,8873,2588,2045,737,3502,1892,53,202,10380,9374,1538,1652,842,5342,1531,54,228,12666,10804,1410,2574,1873,4947,1766
경상북도,가정용 세탁업,175,280,12598,9258,1120,1288,6850,1008,198,322,11328,7506,2318,1720,1169,2299,1535,202,245,10520,7711,3567,130,1080,2935,130,220,273,11790,9235,3315,653,1202,4065,493,221,286,14646,10355,3591,1121,1535,4108,1063
경상북도,기타 프랜차이즈,1022,3147,332618,285033,29261,14676,241096,26511,1118,3247,407586,384422,288843,31472,20105,44002,29878,1197,3361,414901,382739,269665,40515,20424,52135,36693,1342,3489,489277,442422,309507,42171,20874,69869,41262,1468,3730,497735,449003,300725,50024,22400,75854,47470
경상남도,합계,14582,47844,4080059,3654430,438241,200320,3015869,391060,14776,48827,4257234,3729854,2515044,494963,236239,483608,470249,15908,46538,4212435,3953244,2502192,457810,219378,773864,419585,17840,49190,4859003,4548666,2787777,538891,228821,993177,524283,19462,55399,5727442,5339710,3272393,612653,286070,1168593,584074
경상남도,체인화 편의점,2858,10871,1289492,1235538,89266,33907,1112365,72093,2814,10967,1308599,1160950,893988,103198,33460,130304,95780,3084,10779,1289673,1284898,917710,84141,42794,240253,72280,3214,10125,1395611,1377398,996924,91825,31115,257534,86856,3431,11050,1554684,1563950,1117543,101482,45041,299884,94929
경상남도,문구용품 및 회화용품 소매업,133,372,64205,59444,5170,2188,52086,4315,140,358,63594,56556,43249,4188,2096,7023,3986,132,385,62454,57663,43542,4771,3022,6329,4484,133,363,70344,62694,46726,4928,2008,9033,4585,151,397,75713,68286,50826,5590,2293,9577,5176
경상남도,의약품 및 의료용품 소매업,194,701,236519,213402,17282,5128,190992,15101,202,717,223532,206060,175353,13539,3949,13218,12704,209,697,225289,205587,173660,14018,3686,14223,11749,213,653,236439,216411,180806,15396,5209,15001,14843,245,750,309405,279260,236584,15599,6653,20425,14345
경상남도,안경 및 렌즈 소매업,208,544,58801,51140,9089,5831,36220,8029,211,536,60975,52064,29537,8369,6468,7691,8072,209,532,61288,54697,29073,9755,6343,9526,9132,235,535,68678,62021,33240,8890,7120,12771,8471,246,557,76304,68134,36282,9878,6990,14983,9503
경상남도,한식 음식점업,2059,7393,489507,439443,71400,37026,331017,66905,2135,7303,490678,421859,241297,82713,44468,53382,80589,2303,6532,461761,433112,227322,68552,34155,103082,64914,2705,7115,586443,548170,266357,89504,42105,150204,87997,3153,8777,785662,724982,361753,109635,42554,211039,105892
경상남도,외국식 음식점업,405,1848,119498,104023,22719,9567,71737,20952,397,1841,123292,109125,54338,25035,11055,18697,24060,433,1602,108362,102691,50500,20833,7032,24325,19431,662,2316,175103,174542,81053,36850,12623,44016,36231,818,2916,264146,245320,119806,48698,15432,61384,47315
경상남도,제과점업,458,1844,165637,154686,15401,9008,130277,14013,470,1938,166978,153396,107798,18736,9334,17529,18429,486,1898,172738,163117,106277,17832,10924,28083,17585,523,2197,190122,178869,113221,18376,7955,39317,17897,562,2108,197346,186433,117890,20857,10266,37420,20444
경상남도,"피자, 햄버거, 샌드위치 및 유사 음식점업",812,3341,195383,175704,28503,12350,134851,26894,809,3283,187736,163719,90758,29817,13375,29769,28922,933,3132,213042,196985,111296,29605,11306,44778,28366,1085,3425,265940,240293,125338,33984,15413,65557,32953,1165,3570,294895,273976,139076,34870,17262,82766,32732
경상남도,치킨전문점,2096,4728,280117,233536,15397,15167,202972,14444,2239,5259,382247,309130,210889,26591,23770,47880,23253,2333,4901,386303,343464,222432,19286,18896,82850,17199,2467,4694,439291,395139,238296,21161,17288,118394,20362,2546,4953,489136,430087,274575,18737,21685,115091,16752
경상남도,"김밥, 기타 간이음식점 및 포장 판매점",787,2489,121983,106685,17446,9401,79838,16753,836,2825,150541,125189,68329,26840,11608,18412,25848,1018,2661,156316,137110,78948,20737,11162,26263,19505,1277,3111,236198,218364,114869,32393,16684,54418,31768,1349,3348,280704,246738,136497,32072,15485,62683,30571
경상남도,생맥주 및 기타 주점업,1002,2229,117996,99767,11835,11198,76734,10959,887,2082,114731,89337,52056,11673,11779,13830,11437,843,1810,89835,80232,41511,12146,7438,19137,11590,812,1544,93987,83184,42211,10375,8119,22479,9665,873,1981,137704,119665,57974,17456,13030,31204,16835
경상남도,커피 및 기타 비알코올 음료점업,1052,3828,164886,144314,29747,17353,97214,28214,1037,3803,176515,148632,70514,32397,20952,24769,31375,1415,4083,197505,174747,78219,35513,18786,42229,32516,1819,5418,243390,221322,90047,48005,24300,58971,46973,2128,6887,327697,295875,117665,64009,41491,72709,61438
경상남도,자동차 전문 수리업,628,2026,229444,202924,48855,4306,149763,40758,629,2165,241126,210898,123026,49305,6450,32116,46846,412,1617,198847,176679,99828,43487,4025,29338,40095,411,1670,212734,187226,97848,50066,4916,34395,49405,407,1748,231984,205050,98013,55100,4744,47193,53956
경상남도,두발 미용업,119,559,25663,22489,6534,2853,13102,5991,111,484,25849,23136,6478,6454,3510,6694,5792,130,540,26600,23464,5412,5766,3234,9052,4793,133,596,26701,23768,4116,6529,3092,10032,6093,140,577,28558,24515,4352,6306,3426,10432,5247
경상남도,가정용 세탁업,286,481,26248,20986,2841,2292,15853,2464,283,461,20924,15656,6641,2169,2782,4065,1979,280,427,19075,14884,7087,2508,1461,3829,2081,284,406,20191,17051,5332,2630,1970,7119,2131,272,396,25602,21700,7183,2898,2462,9158,2833
경상남도,기타 프랜차이즈,1485,4590,494680,390349,46756,22745,320848,43175,1576,4806,519920,484147,340797,53938,31183,58229,51177,1688,4942,543347,503913,309375,68860,35112,90566,63865,1867,5022,597831,542213,351393,67979,28905,93936,68053,1976,5384,647902,585739,396372,69466,37256,82644,66107
제주특별자치도,합계,3022,11467,1060866,961329,127160,44686,789483,108815,3288,12800,1165591,1084957,703520,149899,54348,177190,135093,3737,12716,1185935,1128232,705508,147678,57206,217840,135452,4142,13099,1361021,1299825,760412,174278,67137,297997,164704,4634,14915,1643303,1536598,931712,192200,83540,329146,184963
제주특별자치도,체인화 편의점,1026,4022,497896,468847,38716,12465,417666,30250,1075,4500,499092,497019,341430,43007,14819,97763,34296,1183,4411,491558,491380,341138,39734,10153,100354,35450,1235,4082,536915,537380,370374,38762,16224,112020,37041,1341,4426,624753,609890,425616,46145,17551,120579,45043
제주특별자치도,문구용품 및 회화용품 소매업,23,58,7799,7220,398,350,6472,313,21,58,7615,6927,5648,518,342,419,488,21,60,7812,6832,5070,510,330,922,414,20,58,9005,8085,6163,512,184,1225,468,19,52,7461,6603,4934,578,286,805,555
제주특별자치도,의약품 및 의료용품 소매업,46,142,32563,29184,2554,847,25783,2148,54,165,44557,40341,33128,3460,802,2951,2962,57,160,44540,40040,32313,3500,979,3248,3456,56,159,48283,44256,35461,3633,1747,3416,3316,90,252,85427,76522,62368,5670,1995,6489,5123
제주특별자치도,안경 및 렌즈 소매업,40,131,15359,13499,2688,1517,9294,2277,49,166,22780,19635,10064,4498,1952,3121,3778,54,154,21652,19527,9710,3980,2572,3266,3819,66,170,24276,21036,12073,3391,1704,3868,3309,60,141,19946,17246,9313,2599,1802,3531,2461
제주특별자치도,한식 음식점업,228,1031,64066,57673,12646,4124,40903,11568,279,1213,80068,70467,41408,15219,5701,8140,15034,384,1109,78002,72724,36992,13661,5322,16749,12850,481,1342,110467,105167,50034,20504,6893,27735,19850,597,1822,171300,159083,79342,29069,10424,40247,27847
제주특별자치도,외국식 음식점업,69,483,31322,28306,7018,1880,19408,6656,81,568,40336,37811,22601,9074,2187,3949,8779,76,480,36219,34932,16432,6872,3107,8520,6569,119,639,50057,47459,22994,8625,2793,13047,8378,176,718,59801,54767,27818,11434,4554,10961,11039
제주특별자치도,제과점업,108,479,48805,43897,6350,3599,33948,5613,112,548,44103,40906,28012,6986,2675,3232,6284,113,528,45661,43413,26269,7075,3051,7018,6595,121,542,52309,48595,29140,7577,2674,9204,7487,136,582,61687,57415,35471,7876,2924,11144,7719
제주특별자치도,"피자, 햄버거, 샌드위치 및 유사 음식점업",128,566,34561,27400,5684,1623,20093,4898,151,748,43651,38771,21249,7919,2346,7257,7496,178,717,50867,46076,26320,8692,2433,8631,8623,207,672,56960,52187,26250,8014,2426,15498,7653,258,770,64462,58796,28234,7987,4255,18320,7297
제주특별자치도,치킨전문점,319,904,60217,50471,5885,2998,41588,5342,335,968,75237,61447,42310,8279,3672,7187,7946,389,889,81738,70386,43224,7290,4185,15687,6644,401,926,98122,86943,51298,8152,4023,23469,7772,408,992,115643,98394,61953,8406,5672,22363,7844
제주특별자치도,"김밥, 기타 간이음식점 및 포장 판매점",145,496,27250,23948,4352,1918,17678,3883,157,574,32119,28017,15363,5372,2562,4720,5306,214,612,38140,33901,19934,5653,2699,5615,5090,291,765,54450,49720,25441,7735,3250,13295,7523,305,848,66710,57253,29379,7526,3565,16783,6844
제주특별자치도,생맥주 및 기타 주점업,190,531,32056,25968,4836,2503,18629,4378,181,492,29572,23698,12960,4494,3031,3213,4357,189,452,25943,22060,10936,4046,2226,4851,3808,202,484,30334,27525,13410,4255,2586,7274,3448,219,604,45210,38150,18107,7459,4415,8169,7276
제주특별자치도,커피 및 기타 비알코올 음료점업,210,852,38009,32992,7958,3551,21483,7324,216,799,41904,34420,16380,8524,3967,5549,8388,250,855,42900,36703,15557,9101,3949,8096,8796,304,1090,55644,52531,18869,14528,6854,12280,14384,356,1396,76952,72231,28998,17084,9161,16988,16567
제주특별자치도,자동차 전문 수리업,78,417,46147,40143,10304,665,29174,8212,77,454,46214,41386,22547,11786,688,6365,11140,73,399,45379,40349,21105,11160,973,7112,9685,74,437,50046,44157,21530,12273,761,9594,12011,76,460,53969,47759,20986,14072,815,11886,13584
제주특별자치도,두발 미용업,23,81,3440,2819,1020,398,1401,1016,26,93,4296,3247,325,1126,487,1309,1077,34,116,6273,5269,593,2748,675,1253,2621,36,108,6078,5212,520,1226,597,2868,1195,41,139,6507,5195,528,1454,781,2432,1366
제주특별자치도,가정용 세탁업,56,74,2631,1857,133,420,1304,119,84,126,5072,4413,2124,476,778,1036,440,76,91,3830,2896,1150,219,647,880,142,74,96,3331,2616,1067,103,468,978,81,85,127,4641,3372,1356,136,565,1316,111
제주특별자치도,기타 프랜차이즈,333,1200,118745,107105,16618,5828,84659,14818,390,1328,148973,136453,87971,19161,8340,20980,17320,446,1683,165421,161744,98764,23436,13905,25639,20890,455,1529,174744,166955,75790,34986,13954,42225,30788,467,1586,178834,173921,97307,24706,14775,37134,24287
